country,country_id,user_install_id,client,year,month,day
RU,23,1ec78a0d-c9c1-4f22-acd5-494d9a06209d,fruit_battle,2021,12,2
RU,23,e58579ff-5c01-469b-b701-0d96ca5eaca2,fruit_battle,2021,12,2
RU,23,a2892289-4c37-438a-aff5-aabbee1bad9e,fruit_battle,2021,12,2
RU,23,5bc73929-db0f-43e1-8dc4-6d749eb87e75,fruit_battle,2021,12,2
US,29,fa153a44-c8af-4d71-a932-07e64eea72b7,fruit_battle,2021,12,2
RU,23,11c8277b-99be-46e5-acf1-4923676352d8,fruit_battle,2021,12,2
GB,10,b2e8c628-bb03-45e2-a4df-04abf4c2683b,fruit_battle,2021,12,2
BR,4,29314523-5fd4-48c0-948b-ab62c21b4e35,fruit_battle,2021,12,2
BR,4,fa78a385-43d5-47f0-8e29-a0c9ef27ebae,fruit_battle,2021,12,2
RU,23,5d92fcd2-ac2f-47fd-8c29-b8a991e5ed80,fruit_battle,2021,12,2
RU,23,dd8e9953-5d22-4492-b8ab-bf326279d99b,fruit_battle,2021,12,2
RU,23,d437fd09-ac1d-4403-9e54-27ab2bc5e8a0,fruit_battle,2021,12,2
BR,4,d5f10d2e-b7d9-4776-8f25-2755a537d582,fruit_battle,2021,12,2
DE,7,5a42a16e-9d95-4ae8-8843-9f6d2e502525,fruit_battle,2021,12,2
RU,23,bdd9a43c-f94a-4060-b920-dd74d95a54ca,fruit_battle,2021,12,2
BR,4,dd5e2d3c-cb72-4724-ab1c-f91d4ea13161,fruit_battle,2021,12,2
DE,7,79f5566a-900d-4872-ab6e-3876df5cff5f,fruit_battle,2021,12,2
BR,4,6702d149-a429-4f80-91a3-2da351d5df33,fruit_battle,2021,12,2
BR,4,b0792c84-46d3-4725-962a-6c86e036a183,fruit_battle,2021,12,2
RU,23,463aa322-de63-496a-a8e5-f5d55007b9ab,fruit_battle,2021,12,2
DE,7,aeb15b71-b5a8-4522-9e1f-e91b521de267,fruit_battle,2021,12,2
RU,23,c0e4926b-d372-41ae-8f1c-ccb8ea03a005,fruit_battle,2021,12,2
US,29,4d81a2e7-2706-4bb2-8e65-032ce2b749b5,fruit_battle,2021,12,2
BR,4,4f606d41-6281-4900-a369-74058bb6aaa7,fruit_battle,2021,12,2
RU,23,fec673ad-fd29-4a0c-9b70-bf97987d50bf,fruit_battle,2021,12,2
BR,4,60499c7a-2ca9-4dd6-92c9-7c3d13835535,fruit_battle,2021,12,2
RU,23,48fd4163-f4b3-431b-81e6-0087034ebcb1,fruit_battle,2021,12,2
BR,4,3697f504-e9a5-4589-bcf7-4292ac821fec,fruit_battle,2021,12,2
BR,4,7a60cc2d-78c2-4b60-a158-e92c86fd495a,fruit_battle,2021,12,2
DE,7,1c181b31-8f0a-4bfc-935e-87c0d4053d65,fruit_battle,2021,12,2
RU,23,5b05d0b6-cbc1-44e1-bb82-98609e934ea9,fruit_battle,2021,12,2
RU,23,4d8b4194-6285-431c-bd54-5a69aca8f77d,fruit_battle,2021,12,2
RU,23,8ee8e396-8804-4145-a38c-d3052d178f70,fruit_battle,2021,12,2
DE,7,60e4288c-2227-4df8-a73c-6f1607bb2438,fruit_battle,2021,12,2
RU,23,d28c36c1-65a4-41ca-ab19-c54d0a2067e1,fruit_battle,2021,12,2
FR,9,af1d89b9-ecef-4cf6-bf47-5f0a576ba026,fruit_battle,2021,12,2
BR,4,7b8f52d5-1202-4e81-98fa-2363dd541230,fruit_battle,2021,12,2
DE,7,862d67df-5d4b-4d07-826e-3e938f55df0d,fruit_battle,2021,12,2
BR,4,13774b5e-e1f6-49a3-bb03-f67564d0654c,fruit_battle,2021,12,2
DE,7,3d1a26ee-60e1-49f3-81dc-9704ce13048a,fruit_battle,2021,12,2
RU,23,6a4adf44-7165-4feb-a4b5-cf938ccabbc8,fruit_battle,2021,12,2
RU,23,fa7e8a2e-9fff-4a7e-8fa1-ccef9416625c,fruit_battle,2021,12,2
DE,7,070f0fad-6555-478d-8ffa-55c87f901e3b,fruit_battle,2021,12,2
BR,4,e41992f1-e3d0-4b74-8326-e3442ec4d80b,fruit_battle,2021,12,2
RU,23,0f69c0f9-fbf0-45df-ad04-80b9887195bc,fruit_battle,2021,12,2
BR,4,e7b780fa-6548-463b-9122-0be84005db17,fruit_battle,2021,12,2
BR,4,7e4e3876-a946-475d-81f5-8849e6f6aae3,fruit_battle,2021,12,2
BR,4,eb5bf11b-ba09-4f13-b085-197abc0404f2,fruit_battle,2021,12,2
BR,4,83afd1b9-8f3e-4198-a12a-2de836355eda,fruit_battle,2021,12,2
FR,9,b14bceea-61c9-4d10-a49e-a9294bd9da99,fruit_battle,2021,12,2
RU,23,c9863c32-c230-47fe-aa8c-a12eb9cebe60,fruit_battle,2021,12,2
FR,9,ffebaf9e-a771-44d8-9a83-978af7c9bf63,fruit_battle,2021,12,2
BR,4,170c8ed8-4b1f-4229-86f4-129f27d40cc1,fruit_battle,2021,12,2
BR,4,dc33f021-1502-4128-b92c-a5ee3f59c4ef,fruit_battle,2021,12,2
FR,9,c8ec01be-69b5-439e-843b-4f2505f10f61,fruit_battle,2021,12,2
RU,23,a600d277-c528-4c8c-a81f-2acce527d300,fruit_battle,2021,12,2
RU,23,3dff3452-2f04-4a8c-b910-3d13766dc510,fruit_battle,2021,12,2
RU,23,6b32c554-43b0-4487-9dcc-d8b925d257c2,fruit_battle,2021,12,2
RU,23,e045cf0a-d1cd-4a53-b412-78e3b460a096,fruit_battle,2021,12,2
RU,23,ebb777d0-4937-4293-b344-6a855807e67a,fruit_battle,2021,12,2
US,29,154abca0-95db-430a-92a5-25b263994133,fruit_battle,2021,12,2
US,29,736996bc-02b1-49d7-9fe8-cb8204a68c9b,fruit_battle,2021,12,2
RU,23,92c28bbd-e48d-4de1-9ca1-9ecd7beb1db3,fruit_battle,2021,12,2
RU,23,6c92cfb5-993c-4b8c-b8c8-e7a137629cd5,fruit_battle,2021,12,2
RU,23,0616ca01-9d60-4364-ab98-352511ed3816,fruit_battle,2021,12,2
US,29,3192836c-f75a-4179-9665-8ae0989f6b77,fruit_battle,2021,12,10
RU,23,513cdbf1-7573-4d05-88bd-b2db3d199206,fruit_battle,2021,12,10
RU,23,334283c8-bde4-4472-b275-70d9e692d2d5,fruit_battle,2021,12,10
RU,23,e63acfad-412d-4073-9344-9b82874f1a64,fruit_battle,2021,12,10
RU,23,6d7b87c1-8678-4632-8279-6b741f04afb7,fruit_battle,2021,12,10
US,29,2995d674-1339-41d5-9323-a60d9137c69d,fruit_battle,2021,12,10
RU,23,5d30f333-d134-46ba-b30a-2720589a900f,fruit_battle,2021,12,10
RU,23,3b316326-82ae-402b-8535-c43b7977cd30,fruit_battle,2021,12,10
US,29,9a25ba87-58db-42dc-92bf-5e281d1e333c,fruit_battle,2021,12,10
US,29,668cafa5-6bb0-4140-badb-c8208419c079,fruit_battle,2021,12,10
RU,23,bf287611-3dc1-4d01-81b8-eb476af0a036,fruit_battle,2021,12,10
RU,23,da67abea-a688-483a-850f-540446140f2d,fruit_battle,2021,12,10
BR,4,62595afd-099c-407e-87d4-44b17f646170,fruit_battle,2021,12,10
RU,23,57dd7bf2-ee7c-4611-b34c-27e76587cde5,fruit_battle,2021,12,10
US,29,99e5b804-59df-4158-aa4b-215bce64d08d,fruit_battle,2021,12,10
RU,23,b2866622-94c5-465f-9e2f-1c44f9524369,fruit_battle,2021,12,10
US,29,3261f910-041f-408d-9e2e-838cccef62d1,fruit_battle,2021,12,10
RU,23,50277104-f400-4f2c-b7be-5a1a4dbc6fa5,fruit_battle,2021,12,10
BR,4,020ad396-e50a-44e6-8bb0-db2766c1b4f4,fruit_battle,2021,12,10
RU,23,5b80077d-ed65-4c88-8754-737c41feea57,fruit_battle,2021,12,10
RU,23,0690b24d-2b88-4bc9-97cf-933a1bfee049,fruit_battle,2021,12,10
FR,9,f394809a-3218-4643-8f56-5630d377be22,fruit_battle,2021,12,10
RU,23,c7588c34-87fc-4a6c-a41c-7b92b575d83c,fruit_battle,2021,12,10
RU,23,59b6c34b-315b-45db-98c3-2100ac2a3532,fruit_battle,2021,12,10
BR,4,9b86833c-32c7-4445-9235-b8bf2b74bb45,fruit_battle,2021,12,10
RU,23,b718a35e-7c6b-4aec-96cb-b300a5ebfb15,fruit_battle,2021,12,10
DE,7,6beba645-6277-4d03-9695-5fd43188631b,fruit_battle,2021,12,10
BR,4,794f1e0a-a11f-4576-b63f-052a01d8152e,fruit_battle,2021,12,10
US,29,12c1f7a2-1418-422e-bc98-919bcc921c47,fruit_battle,2021,12,10
RU,23,1998d01d-a9e0-4668-a0c9-76482d708e8a,fruit_battle,2021,12,10
BR,4,b5b6fa6d-b638-4b59-a2b5-21ff36fb0c5f,fruit_battle,2021,12,10
RU,23,62dd209c-2b2a-4d1e-8331-7622250a4e36,fruit_battle,2021,12,10
FR,9,5fa924e6-ea5c-4ed4-ae72-f95cb5ab897e,fruit_battle,2021,12,10
BR,4,f414adb1-dec1-44d5-9fc3-242495f4f98b,fruit_battle,2021,12,10
DE,7,89826a61-48c3-49e3-9494-3b3a6cc0d514,fruit_battle,2021,12,10
RU,23,42b9d418-8518-4916-add3-b80c291ae717,fruit_battle,2021,12,10
RU,23,b2f1cbfb-6941-47d6-a626-f9b6c458e654,fruit_battle,2021,12,10
RU,23,9091ca7e-52ad-467c-8bcf-c688ff9fd847,fruit_battle,2021,12,10
US,29,45b41aa3-ab7b-4327-9e33-b06e5b57aadf,fruit_battle,2021,12,10
BR,4,9f53e1b9-6410-482c-839d-5a0e61171d5f,fruit_battle,2021,12,10
RU,23,8305ab80-b22d-4140-8c4a-b86105225e2c,fruit_battle,2021,12,10
FR,9,d49f316f-0e69-4667-88d9-f1243e636309,fruit_battle,2021,12,10
DE,7,3b1a283f-89c7-4b42-b329-6a95c10bc7f2,fruit_battle,2021,12,10
GB,10,877b3abf-27a1-4f87-908a-21d95dda66bd,fruit_battle,2021,12,10
DE,7,02aa2ba3-948a-4027-aca8-4f674cd473b5,fruit_battle,2021,12,10
RU,23,4fbc9865-537c-40de-a838-917e59dee498,fruit_battle,2021,12,10
RU,23,3edac8b2-0f64-45d4-bbd6-a590457e51be,fruit_battle,2021,12,10
GB,10,61158dbd-d387-477a-81e0-e74081115d2c,fruit_battle,2021,12,10
US,29,a96e3203-fa26-42a2-ae95-baa1078f39ea,fruit_battle,2021,12,10
BR,4,dc207c56-3c36-4092-a3e1-a2c8aa01bf9f,fruit_battle,2021,12,10
RU,23,adb3812e-7e7f-4f99-8879-414d60a807a3,fruit_battle,2021,12,10
BR,4,709ea362-42c0-4be0-88be-709e8849d1f6,fruit_battle,2021,12,10
BR,4,39a50949-484a-4323-a4cb-ffe98b4d92fb,fruit_battle,2021,12,10
BR,4,fbb90f2b-1b44-4f9a-a4d6-c2f8e536b62c,fruit_battle,2021,12,10
BR,4,607a007f-19fd-40d3-9a4e-abf64c0e3283,fruit_battle,2021,12,10
RU,23,6db60069-c597-42dc-8c9d-f57df3925017,fruit_battle,2021,12,10
BR,4,901e75ac-db9c-43be-bbee-007a7d9f5d20,fruit_battle,2021,12,10
RU,23,5354d0ee-90a3-43f6-8203-55c48c1b4fb1,fruit_battle,2021,12,10
DE,7,1bb4e5cc-5ba1-4d1b-b224-cd8fbd8c3795,fruit_battle,2021,12,10
DE,7,c75fc091-efbd-4416-9cee-f429574e97c3,fruit_battle,2021,12,10
RU,23,2a9a5483-d333-4e68-844d-fd811a6ef38f,fruit_battle,2021,12,10
RU,23,856ec713-345b-4b98-8235-09a8eeb570c9,fruit_battle,2021,12,10
RU,23,69700145-50e7-4a1a-99c5-14728b7ddc0d,fruit_battle,2021,12,10
RU,23,59555a9e-2000-450f-bbcf-b3785354a0df,fruit_battle,2021,12,10
BR,4,973cc012-8889-4997-a82f-28c512ede7c3,fruit_battle,2021,12,10
RU,23,7b92614a-2e83-482d-959b-e158c2676240,fruit_battle,2021,12,2
US,29,4d048601-15f9-4362-bc3d-49ec4b4ce01e,fruit_battle,2021,12,2
RU,23,35fae571-bdd8-440f-9967-7dc0de2de631,fruit_battle,2021,12,2
GB,10,172610aa-053a-487e-902e-bc3219265976,fruit_battle,2021,12,2
US,29,0188ce4c-c252-4803-9411-f94d32f1aea2,fruit_battle,2021,12,2
FR,9,34b3fd45-9544-4107-b5f4-76fb16b3481a,fruit_battle,2021,12,2
US,29,9317c95b-3293-45ba-8718-f415812bc855,fruit_battle,2021,12,2
RU,23,834fdff4-c3f8-4ff6-bcc6-61ef32c9147b,fruit_battle,2021,12,2
RU,23,8b07d4e4-71b3-497d-a158-098c35c76866,fruit_battle,2021,12,2
BR,4,661786cf-ad44-495a-b5f1-02528459e361,fruit_battle,2021,12,2
GB,10,7e903f01-c410-4fb2-88fa-9bdc3fe2f06b,fruit_battle,2021,12,2
US,29,bbb0c378-914b-4a89-b986-8ce6dc44e721,fruit_battle,2021,12,2
BR,4,5072d8e4-70ce-4617-89c3-f6924dbb2499,fruit_battle,2021,12,2
RU,23,4059376c-5e11-45b5-bee6-cb58c4746060,fruit_battle,2021,12,2
RU,23,36d56f73-23ba-47fd-89bb-90076cca7fde,fruit_battle,2021,12,2
BR,4,8dab2751-1250-4444-a4a4-31c92ea14e62,fruit_battle,2021,12,2
BR,4,aa070c38-8751-4197-9ef1-708c86199b45,fruit_battle,2021,12,2
BR,4,0f303008-80c0-4bbd-8c02-0a2fcae72baf,fruit_battle,2021,12,2
RU,23,9fea7b0e-85c7-4f59-8a5d-f78ea092e70c,fruit_battle,2021,12,2
US,29,d21dc93d-db56-44a2-b32f-c7c54fccecc8,fruit_battle,2021,12,2
RU,23,75f8a1e8-29f4-473b-836d-f86e213b50fa,fruit_battle,2021,12,2
FR,9,bd26f0ac-e739-4a92-a26e-d09a1dd1616d,fruit_battle,2021,12,2
US,29,9f972f94-874a-43ec-8ae8-e0de9b7780ec,fruit_battle,2021,12,2
BR,4,837c50c9-50bf-4bfa-bed1-d0237a007768,fruit_battle,2021,12,2
RU,23,3be78e6b-54a3-4f05-970f-510f7624ee14,fruit_battle,2021,12,2
GB,10,0d18609b-f115-40f4-9661-9598bc559542,fruit_battle,2021,12,2
BR,4,3b7b3a1d-d008-40d5-95a6-e23974738ca5,fruit_battle,2021,12,2
BR,4,22a7e00a-6fb1-4b3e-a8f2-c8e4d252b4b0,fruit_battle,2021,12,2
GB,10,0be91dea-b602-4e1a-90fa-4f466e0faab5,fruit_battle,2021,12,2
RU,23,28bcdece-605c-419a-944e-9fb5633512fc,fruit_battle,2021,12,2
GB,10,745e540c-251a-49f3-9eb8-db02a4694436,fruit_battle,2021,12,2
US,29,b8c8e35e-d78c-48f1-b657-5a598d9d2cc2,fruit_battle,2021,12,2
BR,4,c132c932-4470-44ce-9f81-a84448346531,fruit_battle,2021,12,2
RU,23,6e23d1f9-13a5-48d0-ba4b-d3bc598bf26a,fruit_battle,2021,12,2
RU,23,1295e548-fa28-40c4-902e-0d7cbc52e9dc,fruit_battle,2021,12,2
FR,9,aad7bf75-d316-4884-9579-ab8aa3027edf,fruit_battle,2021,12,2
RU,23,0650d59d-60f8-4c81-970f-6d6b0de22903,fruit_battle,2021,12,2
BR,4,8a4a5ae8-3945-4322-85fc-df88dc1e7b9f,fruit_battle,2021,12,2
FR,9,f6ee2a81-a48a-4b32-af56-20c02c76e58d,fruit_battle,2021,12,2
US,29,836d4afe-fa0b-4269-a895-a66a580a0661,fruit_battle,2021,12,2
BR,4,0e46093f-35a1-4461-b515-a10ce4aca338,fruit_battle,2021,12,2
RU,23,3d4f46ac-03fe-4667-9f72-e8347b9bca36,fruit_battle,2021,12,2
DE,7,58041034-b1c3-49d6-b32f-a97c57c85a57,fruit_battle,2021,12,2
GB,10,47c2c058-0bc4-445a-9d17-c3e2548f3fdb,fruit_battle,2021,12,2
RU,23,7e517d88-4701-4a65-8f54-5d0a4c11e4ae,fruit_battle,2021,12,2
BR,4,1787d076-fd9a-428e-ba9f-2a487ae6cd78,fruit_battle,2021,12,2
BR,4,e9b63de9-6cd4-4498-bfe5-ca8a22a9108d,fruit_battle,2021,12,2
BR,4,1ec96f97-643b-43c9-b761-11ddc7b2e99d,fruit_battle,2021,12,2
BR,4,63db950c-8e16-40da-b80b-a3fcf0db831e,fruit_battle,2021,12,2
DE,7,8673a15b-b4c6-43fe-99f3-3f2a2b6dc196,fruit_battle,2021,12,2
BR,4,0952f774-0329-4b93-b1e5-7c2dc4ed6558,fruit_battle,2021,12,2
FR,9,091f276f-6926-42c6-9633-6aebdfda4573,fruit_battle,2021,12,2
BR,4,64dabbfc-065e-4d11-a428-6b36619c1fa4,fruit_battle,2021,12,2
FR,9,f41a10e0-2ab2-46ab-9f2a-b8b52a210eb4,fruit_battle,2021,12,2
FR,9,ec73b35e-35b7-46a6-a778-8fac02427ae9,fruit_battle,2021,12,2
US,29,92ab0a8f-3bd9-4acd-b63f-59d19594c0da,fruit_battle,2021,12,2
RU,23,213ce505-12c9-4369-a750-2e7d49530c58,fruit_battle,2021,12,2
BR,4,07c2060c-7d41-40f3-9741-4d0f269177f1,fruit_battle,2021,12,2
BR,4,1d739c00-de1e-4829-b32e-d2878d6dbbe9,fruit_battle,2021,12,2
FR,9,8a8b22b6-607a-4ccc-9031-f05d1d632fd5,fruit_battle,2021,12,2
GB,10,bdd03256-496f-42f2-b621-611899d8fb01,fruit_battle,2021,12,2
DE,7,914c6547-df90-4f72-9ef2-d050c6e28379,fruit_battle,2021,12,2
BR,4,5cf20b44-7e1f-41d4-8cef-ac04bc95a95c,fruit_battle,2021,12,2
RU,23,74775945-b109-42e8-aec5-dde5f64381bf,fruit_battle,2021,12,2
RU,23,13ab5393-56cb-47b6-a8e0-346f59d98721,fruit_battle,2021,12,2
RU,23,5b81d5c9-eb0b-4a18-8f3d-e02477dae273,fruit_battle,2021,12,2
BR,4,e33498f9-c3c1-48d6-b2f4-0abb8ef34d41,fruit_battle,2021,12,2
US,29,f5f75ec7-b660-4a4b-93e2-6fc3556d7492,fruit_battle,2021,12,2
FR,9,1ab302d4-5769-49f1-a744-cf6e31555f87,fruit_battle,2021,12,2
US,29,dd21bd82-5b84-449a-bf86-bdd25f7dba8a,fruit_battle,2021,12,2
FR,9,364a2d1e-52eb-4548-a34d-bde66f026012,fruit_battle,2021,12,2
BR,4,1a26c494-217e-420a-8c6e-426d433a2afc,fruit_battle,2021,12,2
BR,4,0631b955-1dce-492f-b24f-1aa0f4a33015,fruit_battle,2021,12,2
BR,4,92144aa1-9294-45d1-8218-4cc53b58648b,fruit_battle,2021,12,2
US,29,c2e6a90e-6264-4b7f-bbe1-ea0ebe0ac28c,fruit_battle,2021,12,2
RU,23,e29f8ff8-8061-4ab4-9050-cabf7e76940e,fruit_battle,2021,12,2
BR,4,23b15326-573e-4db4-8dfb-c05ff8b0d13b,fruit_battle,2021,12,2
RU,23,1613cf08-c63e-4cad-8e2d-6a0a0794b521,fruit_battle,2021,12,2
DE,7,1ecfe553-bbb3-41f9-8354-0b198d0d525d,fruit_battle,2021,12,2
BR,4,4229b3ba-c2e3-46eb-adb7-40355907ea4e,fruit_battle,2021,12,2
RU,23,3ecc1adc-7dba-4a02-90c0-43cdfe1ed855,fruit_battle,2021,12,2
RU,23,0be854b3-b7af-4916-9d13-87fd8a974300,fruit_battle,2021,12,2
GB,10,2823532d-543f-4053-af61-a25fca1a078c,fruit_battle,2021,12,2
FR,9,969124dc-18ea-4f16-857d-2b310d3bb0c2,fruit_battle,2021,12,2
DE,7,7f57d5ac-6baf-411c-bdfc-bdf678ae5e8e,fruit_battle,2021,12,2
RU,23,db949a10-8b2b-4ee9-85d3-3a40c7b6be02,fruit_battle,2021,12,2
RU,23,9ef72c1a-d849-4131-980e-e511e23ab6a8,fruit_battle,2021,12,2
DE,7,20c05075-a08d-46e6-bc14-579cfd33e395,fruit_battle,2021,12,2
RU,23,79ed33ef-43ff-4834-a1a3-f8bd2cd9a42a,fruit_battle,2021,12,2
RU,23,87393afd-0fda-47c6-ad11-e7aeaca2e81a,fruit_battle,2021,12,2
RU,23,b3c34838-ac0a-40ad-a75f-7d9dd6f0c159,fruit_battle,2021,12,2
RU,23,50efc87c-5c11-4542-aa68-3b8e8537fbf5,fruit_battle,2021,12,2
RU,23,41f42e47-1a2e-42ae-b56b-4bcf76816171,fruit_battle,2021,12,2
BR,4,db208278-9b66-4563-a989-fa5754c6dd97,fruit_battle,2021,12,2
RU,23,7c2bc7ed-55ee-49cb-9814-b8adc8c2a770,fruit_battle,2021,12,2
RU,23,82df06e7-b082-43e1-8306-1f8b3738204b,fruit_battle,2021,12,2
DE,7,ba31b75b-cebf-409f-8d0b-c794897130e3,fruit_battle,2021,12,2
BR,4,c694556d-fa81-42f9-8168-9bfe88ff955e,fruit_battle,2021,12,2
BR,4,5cb14c11-8ca8-41cd-901d-ed25c79dad7d,fruit_battle,2021,12,2
BR,4,472f6c61-24ef-48ef-9318-565332c85070,fruit_battle,2021,12,2
BR,4,3b7d9e00-4f3e-40e1-b0c6-7e22a262267d,fruit_battle,2021,12,2
RU,23,cd0b2ba0-d402-4e32-8c74-e1addf367e79,fruit_battle,2021,12,2
RU,23,ff404bdf-8ecf-4c4c-ae4f-39031b41c808,fruit_battle,2021,12,2
BR,4,5554b8ac-3b5a-45c3-be5f-75c077583c9a,fruit_battle,2021,12,2
RU,23,f7b7c890-64dd-493f-9ee6-a071229c1c42,fruit_battle,2021,12,2
DE,7,3585e1ce-69ab-4f35-9264-8ce7f2315042,fruit_battle,2021,12,2
RU,23,eea58b88-1ade-42b9-8d7c-50cc545ae692,fruit_battle,2021,12,2
RU,23,6080eca0-f5f2-4a24-936e-0325a5b4d45b,fruit_battle,2021,12,2
US,29,05e19401-d409-4d77-89a2-de0905cf99b0,fruit_battle,2021,12,2
RU,23,1919c914-89cc-4a45-a0ff-85e500340050,fruit_battle,2021,12,2
RU,23,a1c7b5f5-1702-4536-b0d5-ed51f24008cb,fruit_battle,2021,12,2
RU,23,8f1604a6-c612-4036-9d53-4d9ad1656bc2,fruit_battle,2021,12,2
RU,23,568ff2f3-ca93-4d56-a861-75526b3adeac,fruit_battle,2021,12,2
BR,4,0ab87dd6-8909-40c8-a526-fd07643bd9c6,fruit_battle,2021,12,2
RU,23,4360653c-39c9-4e3d-b2dc-058fde8edcfd,fruit_battle,2021,12,2
BR,4,6b418614-47ed-4dc8-9e90-0a31e0ffe615,fruit_battle,2021,12,2
DE,7,b318de41-4596-49bf-848e-999e7cd06781,fruit_battle,2021,12,2
BR,4,1946b9ff-5cf6-446a-afdb-6d66faa897d3,fruit_battle,2021,12,2
BR,4,0a57b17b-bfcc-4f36-8b36-12dc73ec059b,fruit_battle,2021,12,2
BR,4,c34cb80c-8745-4a5b-bb3a-cdc89a99b88f,fruit_battle,2021,12,2
BR,4,f017a6a6-74a8-4c1a-b749-1f97c43833a7,fruit_battle,2021,12,2
US,29,cbb57ec1-f167-47fd-972f-782dc38302eb,fruit_battle,2021,12,2
RU,23,64f8ecdd-962c-49aa-b850-5472afb17f3a,fruit_battle,2021,12,2
GB,10,524deeba-3311-4e7a-a877-a826bde399f5,fruit_battle,2021,12,2
BR,4,5dc5b947-b694-4b2b-a884-c13d6cb2f914,fruit_battle,2021,12,2
RU,23,dc61ceee-2e5b-4dee-a0ac-8324ae37f6c0,fruit_battle,2021,12,2
RU,23,2822a27b-a129-4c1e-bf59-f7cdde05e8db,fruit_battle,2021,12,2
DE,7,75cbea2a-cd82-472c-a20a-a8e3e46bf29d,fruit_battle,2021,12,2
US,29,e19b02ed-9e5f-4f88-8ee6-03517a7e46c3,fruit_battle,2021,12,2
BR,4,8b871748-391d-4526-aa1c-47776fe2f37e,fruit_battle,2021,12,2
BR,4,04f990eb-158d-45fc-bf1c-a31e64869de5,fruit_battle,2021,12,2
RU,23,ec96fc52-25d1-41f8-8f0b-b561f04a7db2,fruit_battle,2021,12,2
RU,23,823d83f7-0bc6-4d78-b9b8-9a085f5fc210,fruit_battle,2021,12,2
FR,9,26b19a7e-3c26-45b8-ab09-2f0ecd354718,fruit_battle,2021,12,2
BR,4,788130d6-63de-4901-afc2-7b168e109234,fruit_battle,2021,12,2
RU,23,94dcacf9-9367-4daf-9485-5f85cb05ec9a,fruit_battle,2021,12,2
BR,4,200a06d9-ede4-41d0-b850-b510a2f9dcac,fruit_battle,2021,12,2
BR,4,ce956c50-a967-4162-881b-6dfd7041a21c,fruit_battle,2021,12,2
RU,23,cade9336-226c-4633-927e-11e27912778a,fruit_battle,2021,12,2
BR,4,479eed18-23cb-48bf-8e32-9e9f5bf61aee,fruit_battle,2021,12,2
RU,23,dcfc67b7-b369-4fce-9d59-6f7250b7ad09,fruit_battle,2021,12,2
US,29,949cf57c-8a51-470c-a4ac-a808a2c64652,fruit_battle,2021,12,2
RU,23,1cc11083-04e3-4951-8d55-fa557ce6149d,fruit_battle,2021,12,2
RU,23,a60a0f7f-a32f-4bc4-a632-aca461eeb5f7,fruit_battle,2021,12,2
DE,7,f4bd873c-bb45-461a-a94b-3e111c741bd0,fruit_battle,2021,12,2
BR,4,81bda056-454d-4e65-9de1-fab33e016f63,fruit_battle,2021,12,2
BR,4,209848d3-2488-4742-b290-984e883a9827,fruit_battle,2021,12,2
RU,23,8ee96ed0-2d5d-4d62-8cca-6c50f838a6d9,fruit_battle,2021,12,2
US,29,763cc47a-82a8-4bd6-9a8c-3eddc42d3a1d,fruit_battle,2021,12,2
BR,4,7812d2ec-47cb-4beb-a837-7def326e93b5,fruit_battle,2021,12,2
DE,7,ce183fd0-3c73-4c7b-a6b2-568f2f6a1f68,fruit_battle,2021,12,2
RU,23,41aab1af-8708-4bfd-b001-1ce0cc72c9c3,fruit_battle,2021,12,2
BR,4,3a7c6ce4-4fbd-4169-9316-8e807b857f9d,fruit_battle,2021,12,2
BR,4,05960fe3-7016-46ab-8fb7-a6955118bb3d,fruit_battle,2021,12,2
BR,4,4ff72dae-add1-4139-aa76-d5cf0ac5e662,fruit_battle,2021,12,2
RU,23,ebe8ad3f-c7b9-44b3-8b00-f91a341e37a6,fruit_battle,2021,12,2
RU,23,05814b4f-315b-455c-8986-32b52239c306,fruit_battle,2021,12,2
DE,7,0314501e-8e12-4a16-b164-5f17f903064f,fruit_battle,2021,12,2
US,29,e3058bd2-3097-4b1f-a1a3-13fc97ea4ebd,fruit_battle,2021,12,2
RU,23,2c2e4d14-a350-4966-9fff-20f8699c108a,fruit_battle,2021,12,2
RU,23,aa1458d2-82e6-4920-a106-3d4be30f6efc,fruit_battle,2021,12,2
GB,10,1e48ea43-23c9-4e3d-8e08-fddc036c17b6,fruit_battle,2021,12,2
DE,7,a8352c94-d858-464a-bc5c-6a04d5361364,fruit_battle,2021,12,2
DE,7,0d5fa69e-e674-4710-8068-46b8706450c5,fruit_battle,2021,12,2
BR,4,c831029b-5c73-4241-b583-7e01f99a2367,fruit_battle,2021,12,2
BR,4,46c89968-75a6-4757-8a38-d59d2d2888e3,fruit_battle,2021,12,2
RU,23,36279260-9fdd-4183-9b7b-89f0116ae5ff,fruit_battle,2021,12,2
RU,23,b8419b4e-dd2b-4359-add6-0ad0ce9e0def,fruit_battle,2021,12,2
RU,23,1b8fe1ef-989b-4706-bee1-a6fbc4097d91,fruit_battle,2021,12,2
BR,4,b8cf462a-1bf0-4efc-9f46-e9078520aeea,fruit_battle,2021,12,2
BR,4,403029be-75ba-41b3-afe4-1dd136d88eb9,fruit_battle,2021,12,2
RU,23,d649d9d0-429b-48e5-9b61-4a96443cac5f,fruit_battle,2021,12,2
RU,23,148accf3-2865-4a40-b5cd-967c888abe1b,fruit_battle,2021,12,2
RU,23,676dbcfb-435d-4192-b766-ba4498a98f13,fruit_battle,2021,12,2
RU,23,e5aeaea4-656d-4845-8b49-e4173d29a556,fruit_battle,2021,12,2
DE,7,c390d04a-0bb8-4d2d-977e-0479772d0b32,fruit_battle,2021,12,2
BR,4,7e8391db-ba96-4702-8bb8-798289bf94a3,fruit_battle,2021,12,2
BR,4,4f88be94-5270-461d-a179-f059389da6c2,fruit_battle,2021,12,2
BR,4,59711db4-697a-4002-98b0-f3641c60faba,fruit_battle,2021,12,2
RU,23,cec2996c-cde1-4767-bf14-c074e6f21ff9,fruit_battle,2021,12,2
BR,4,9cb7181f-b9d8-4253-a12d-e7b2b6d6219d,fruit_battle,2021,12,2
BR,4,52ada7d5-2a62-4f45-81d4-a9f5505e2b00,fruit_battle,2021,12,2
RU,23,363d5216-2ae7-471e-9bb7-9487c89a2cd0,fruit_battle,2021,12,2
DE,7,94485640-03c1-49f6-8c60-1676141c0d2e,fruit_battle,2021,12,2
BR,4,239b6f1c-048f-4cf7-8481-6d337c2e712b,fruit_battle,2021,12,2
US,29,85f21707-4dd4-488a-a289-a80bd121182d,fruit_battle,2021,12,2
BR,4,98dea179-3ba6-414d-a083-e23de8725c08,fruit_battle,2021,12,2
DE,7,e2c23647-4ebe-4175-9d07-1f130f7597dc,fruit_battle,2021,12,2
GB,10,24f0b7e5-2805-4814-b14d-4aa9e1f6da20,fruit_battle,2021,12,2
DE,7,60b1308d-2da5-44d4-9b2a-470c7bf6d99f,fruit_battle,2021,12,2
US,29,38f2fd94-9311-4599-9980-9f829481d34d,fruit_battle,2021,12,2
US,29,0e0b4d26-eb18-4322-92e0-2f8f1aee7ebb,fruit_battle,2021,12,2
US,29,412b4e6a-d07b-48c5-8def-460de6ed10c5,fruit_battle,2021,12,2
BR,4,52e17ee6-8fdb-4689-839a-deb632fe8001,fruit_battle,2021,12,2
BR,4,388fbbdd-0cf6-435e-9fab-92a69b7741ab,fruit_battle,2021,12,2
US,29,01a36aea-70b9-4fd2-9fef-38aeb187b266,fruit_battle,2021,12,2
RU,23,0e9f4e07-e943-4dc7-ab64-6f1ecaea02a5,fruit_battle,2021,12,2
GB,10,d39c62a8-1bf6-42f7-9389-0af068a1f490,fruit_battle,2021,12,2
FR,9,49f39527-51fe-47ef-abe5-60f5544c7a17,fruit_battle,2021,12,2
BR,4,48a6e10b-5234-4a99-aa76-a7be1e45a78b,fruit_battle,2021,12,2
GB,10,ff5f5289-b4f3-4097-89b7-ba842c92baa3,fruit_battle,2021,12,2
FR,9,0f08c6a4-8222-4186-bd80-25f50eddc493,fruit_battle,2021,12,2
FR,9,73199ebf-9557-4e54-87d0-319a504d6bf4,fruit_battle,2021,12,2
FR,9,1318e770-1d2a-4a59-8949-d64e335b5201,fruit_battle,2021,12,2
US,29,e4769277-4164-4a25-87ab-4b6b9211f1b6,fruit_battle,2021,12,2
GB,10,bb76881b-e705-4608-af1a-155e225560f8,fruit_battle,2021,12,2
RU,23,45c1ed4e-ae75-426e-be3b-536c44162f2c,fruit_battle,2021,12,2
RU,23,459ac8cd-5a03-41de-9401-32b4b317984e,fruit_battle,2021,12,2
BR,4,05465066-23a1-4b1a-85e7-7e11f86173d3,fruit_battle,2021,12,2
US,29,105d8713-d283-4357-b844-f1ea01b0d404,fruit_battle,2021,12,2
BR,4,18d98daa-4f96-4fbf-9923-ff76293894ce,fruit_battle,2021,12,2
BR,4,6f23ec1d-ea80-45b3-b7b0-5d99c56a1b7b,fruit_battle,2021,12,2
BR,4,ce48f012-5221-4f5f-b978-3d3556c1faa4,fruit_battle,2021,12,2
GB,10,cb3f5386-97c4-4032-a9ba-1217f45b6fa9,fruit_battle,2021,12,2
BR,4,1d4435d5-f538-472e-9e72-9b89fdb08136,fruit_battle,2021,12,2
FR,9,6213cb7e-7e6c-48e7-b3de-bda1e87a7c24,fruit_battle,2021,12,2
BR,4,550fd760-8568-4d57-900f-0e5dd929b168,fruit_battle,2021,12,2
GB,10,2784e705-792d-4afb-9b28-3e601135e407,fruit_battle,2021,12,2
RU,23,43673db6-0cda-4961-9d62-5b5f61daa1c1,fruit_battle,2021,12,2
DE,7,b06e4140-1981-4766-838b-55e42a4dc478,fruit_battle,2021,12,2
BR,4,e7c22eb1-642a-4ab4-a731-9df1aeb91334,fruit_battle,2021,12,2
BR,4,e364b0e7-dff4-4e38-bcc2-890fb761d8b1,fruit_battle,2021,12,2
RU,23,9fe37cdc-5536-4224-a87a-34829501970e,fruit_battle,2021,12,2
GB,10,90fc5bd1-81e1-41ea-b0c0-fd880db44023,fruit_battle,2021,12,2
RU,23,91c3d665-81d9-4c4f-a628-61fce4487679,fruit_battle,2021,12,2
GB,10,2e229c77-13a0-4298-855e-05bb08414759,fruit_battle,2021,12,2
GB,10,db68bcaa-e5d5-47ea-a7d2-a150a97b744a,fruit_battle,2021,12,2
RU,23,39c98a26-10e9-47c2-8d78-57efe9776d95,fruit_battle,2021,12,2
FR,9,e450d6b6-9844-460b-8db8-eb5f3819e068,fruit_battle,2021,12,2
FR,9,df2c67c8-55f3-4a4d-8eb4-23161c1ec461,fruit_battle,2021,12,2
FR,9,fd66e7ae-9c16-4bb0-87a4-1055f5524c0b,fruit_battle,2021,12,2
FR,9,e10d03a7-02e1-407c-875e-ff621c747d7a,fruit_battle,2021,12,2
BR,4,feead8fe-e7ed-4ce4-bce3-83129057e785,fruit_battle,2021,12,2
BR,4,b94457e5-2a0e-4f60-97cc-1feb4c9abe52,fruit_battle,2021,12,2
FR,9,d84158b7-36b0-4513-8a69-e3715ef377b6,fruit_battle,2021,12,2
BR,4,1939d5cc-07a1-470b-9bd5-28416dfcd1cc,fruit_battle,2021,12,2
RU,23,270d7510-cca6-47b7-844d-c51ea1f7830e,fruit_battle,2021,12,2
FR,9,fb5f92cc-b927-41a8-86a1-984e575d92d3,fruit_battle,2021,12,2
DE,7,4864e948-132f-41df-86f6-fa89bd86b21b,fruit_battle,2021,12,2
FR,9,bc79c553-e51e-4b8d-a69e-dca1a904964d,fruit_battle,2021,12,2
FR,9,c4336b79-6d0b-4697-8645-4f281548e4b9,fruit_battle,2021,12,2
BR,4,585f45ae-f360-4dc2-aa1e-1c4c322289be,fruit_battle,2021,12,2
FR,9,bccdad05-fc5f-4efc-b45b-c9e34620ad55,fruit_battle,2021,12,2
FR,9,93950a95-e37a-4445-b56c-34ea8059f294,fruit_battle,2021,12,2
BR,4,06c99b12-34a2-4253-a6b9-4f32cc7019f1,fruit_battle,2021,12,2
US,29,7b105f8c-c83f-4473-afee-2af2ddb27d1d,fruit_battle,2021,12,2
US,29,b943c260-5a75-4772-9686-21fdf93bc76e,fruit_battle,2021,12,2
BR,4,880f0391-53b3-4959-b8cd-9cd9a2adc4c2,fruit_battle,2021,12,2
FR,9,2aa1b0c2-e00f-4e66-b3f3-0478ea0d2d05,fruit_battle,2021,12,2
BR,4,1fc3486c-9e8f-48e6-8c41-45b0ca25a97d,fruit_battle,2021,12,2
DE,7,c82907af-6e27-4549-a217-dc75b845b8f9,fruit_battle,2021,12,2
FR,9,73407821-a52c-4978-8544-22f92bf34fdb,fruit_battle,2021,12,2
BR,4,48d27c90-edff-4f3b-bf02-33ba826c92a2,fruit_battle,2021,12,2
US,29,adf2be07-195b-4f36-8be6-6dce41ddbe65,fruit_battle,2021,12,2
FR,9,9d233215-542d-4d8b-8e5a-d43b7b82408c,fruit_battle,2021,12,2
DE,7,72097f97-daa5-4a17-90b0-e51139e8c903,fruit_battle,2021,12,2
RU,23,34f73e11-1f46-41e3-b13e-d4abdfc52d58,fruit_battle,2021,12,2
FR,9,3c3b1913-b631-4488-a8a6-1b1c57e8fad4,fruit_battle,2021,12,2
FR,9,28e88ea5-4781-465d-a07b-905698732930,fruit_battle,2021,12,2
BR,4,ec660d73-9e80-4322-80e7-be72fa03dbb1,fruit_battle,2021,12,2
GB,10,629e1482-e321-4938-9277-73883d971eb2,fruit_battle,2021,12,2
RU,23,4adb37b4-c608-4ef4-ae82-c604687667ba,fruit_battle,2021,12,2
DE,7,c68b627d-60dc-43ea-8289-8bb6bfa1d3da,fruit_battle,2021,12,2
RU,23,d8d4aea7-50eb-44b8-81fc-c319e645b09f,fruit_battle,2021,12,2
US,29,b83913e8-7c76-4fa0-8e27-a4bbecf511d9,fruit_battle,2021,12,2
RU,23,3c93a22e-1b40-4339-9109-0fc58ead1a29,fruit_battle,2021,12,2
RU,23,75a8babc-1cf3-4c09-ac20-582eeaefde50,fruit_battle,2021,12,2
RU,23,193294eb-1e92-43a5-bd53-a26461c86b44,fruit_battle,2021,12,2
RU,23,c793de92-179b-4cb6-bfb6-4ac1d24748cd,fruit_battle,2021,12,2
US,29,cbf9f638-19ed-4b00-bccb-dd16c681556d,fruit_battle,2021,12,2
RU,23,9fa06397-29fe-4ad5-b175-3fbd44de77a5,fruit_battle,2021,12,2
US,29,cf8477e3-9f29-4c59-b0f0-cade973fa718,fruit_battle,2021,12,2
RU,23,57fbefe9-3bf3-4986-b0ad-c7024d903541,fruit_battle,2021,12,2
DE,7,86c36ba3-f493-4956-acb7-f4c6e07c492b,fruit_battle,2021,12,2
FR,9,81f45f24-6604-4745-82ef-e80b2c44e629,fruit_battle,2021,12,2
RU,23,4919946a-5fc2-4a4b-bfd6-7d0ec5517d41,fruit_battle,2021,12,2
FR,9,37a9316c-fd4b-42db-8402-73c6405bad0b,fruit_battle,2021,12,2
DE,7,e76ae4ff-e3a7-414c-9c6a-49195dd4637a,fruit_battle,2021,12,2
RU,23,9d10a212-079f-46bd-a2cb-3c43a5bb77e6,fruit_battle,2021,12,2
FR,9,e456d7e0-f936-4179-ae16-a41d4440141a,fruit_battle,2021,12,2
RU,23,eb70dd6f-02ac-4dd9-8706-392a5b7949ba,fruit_battle,2021,12,2
RU,23,0ecdd911-939d-4648-a110-7cfdb002ee1d,fruit_battle,2021,12,2
RU,23,e321cca0-3f15-4011-bd88-ee5390226eb5,fruit_battle,2021,12,2
BR,4,6edec161-a1bd-4971-8410-992a1d9ed719,fruit_battle,2021,12,2
RU,23,deb80388-b1e0-4c3c-bc18-28790a7ef725,fruit_battle,2021,12,2
US,29,8324b952-c9a4-4395-a215-3a0e6d9df702,fruit_battle,2021,12,2
US,29,b80aad9a-e6a6-41fd-9b7b-1fdb59aedc28,fruit_battle,2021,12,2
BR,4,8ff4b47b-0e28-43e7-bd45-8e01646d64b3,fruit_battle,2021,12,2
US,29,b90c62ee-7efe-4ca8-98fc-627f8de6ac0d,fruit_battle,2021,12,2
US,29,3aef87c6-c38d-4fb4-9814-2b7c7d96eb7d,fruit_battle,2021,12,2
RU,23,7729ff62-2cdc-497b-918e-384bf4da9ab4,fruit_battle,2021,12,2
US,29,5db65206-5637-4d2a-9f23-a9e32bdf83e1,fruit_battle,2021,12,2
US,29,2ef14270-5fe1-4709-a68c-b26c04fbdd72,fruit_battle,2021,12,2
US,29,f5b18c19-d646-47af-9022-25329e1dfb8d,fruit_battle,2021,12,2
US,29,92a0d741-7f9f-4faa-a01c-56ec93f1b020,fruit_battle,2021,12,2
US,29,1a8d1dda-ea87-4f14-b64c-8fab8529092e,fruit_battle,2021,12,2
DE,7,e68d7fbf-30b4-4359-a2be-d2bc663de62c,fruit_battle,2021,12,2
RU,23,3ab2e51e-43f9-4dad-9e72-a6c128fb1e85,fruit_battle,2021,12,2
US,29,3930dd01-bec2-44ab-a31b-9e09ae6bab27,fruit_battle,2021,12,2
US,29,e45cd1c7-a908-44bf-801b-bd61dfddaa14,fruit_battle,2021,12,2
US,29,f75ef33f-8ad0-4e92-a1d0-55a89c3b3457,fruit_battle,2021,12,2
US,29,75a03f77-d5da-4bcb-8e8c-836e5c299d04,fruit_battle,2021,12,2
US,29,b800b48a-fe20-48f4-af9f-cee19cc90e04,fruit_battle,2021,12,2
DE,7,95edb9ef-5abe-4969-9cdf-bfc8def33feb,fruit_battle,2021,12,2
US,29,0e01bb82-d3c7-468b-bb32-eafab93c19d5,fruit_battle,2021,12,2
US,29,366c69fe-4796-4035-809d-e705df01c9b5,fruit_battle,2021,12,2
US,29,f16f1932-8e01-4fca-b577-a79da8b463b3,fruit_battle,2021,12,2
BR,4,812d3dbf-bdd7-4682-9406-bb21f90a392c,fruit_battle,2021,12,2
US,29,472c5d7c-c9ed-4d91-8a78-1b812826bf03,fruit_battle,2021,12,2
US,29,a8c1b116-a713-495c-a5bf-42ef7ce8175a,fruit_battle,2021,12,2
RU,23,46189542-08bc-4859-85c6-3c9cc5c07cf3,fruit_battle,2021,12,2
RU,23,5d85310d-eb29-46d3-988a-6a0c610e47f6,fruit_battle,2021,12,2
BR,4,ae8f5cbf-f986-47c2-b999-95074de7c074,fruit_battle,2021,12,2
US,29,d8c529d2-4bc3-47e1-b929-6055fda703a4,fruit_battle,2021,12,2
US,29,437a294c-980c-4709-ac5d-0e17767705e0,fruit_battle,2021,12,2
US,29,48092dcb-bd50-4e10-8ee4-f0656086df5f,fruit_battle,2021,12,2
US,29,a45e5604-085f-43e2-a557-fe2606ba278f,fruit_battle,2021,12,2
US,29,ab45a667-4617-4db6-a164-80f342b25320,fruit_battle,2021,12,2
US,29,f63f8a29-03db-4196-b0d4-ed6801c19484,fruit_battle,2021,12,2
US,29,d347f24d-d501-49d9-b494-1acd1d6bd45d,fruit_battle,2021,12,2
US,29,085a4d5a-f49d-4ed3-a3c7-f1f6616bac72,fruit_battle,2021,12,2
US,29,182965fa-8f79-4e2b-8ef1-40f48708cf87,fruit_battle,2021,12,2
RU,23,0d3372c0-6bb6-45a6-970d-2dabca955621,fruit_battle,2021,12,2
US,29,4dba5208-7cbd-4d8f-b667-34e7bf59fa19,fruit_battle,2021,12,2
US,29,aca6360c-b31b-45d9-bbae-1b16fa3a11de,fruit_battle,2021,12,2
BR,4,a3aaf2d9-7ec1-48ee-be29-219bd49d419d,fruit_battle,2021,12,2
BR,4,7a032df0-734f-4885-8cb7-a53aee608b5f,fruit_battle,2021,12,2
US,29,f2e32104-853c-4e24-bc65-0ea180d2c7e7,fruit_battle,2021,12,2
BR,4,8b344ca2-1e28-41b1-aefd-9b06dcf73283,fruit_battle,2021,12,2
BR,4,977b717d-3401-4b1e-a7f3-58865e005936,fruit_battle,2021,12,2
BR,4,f83d6282-9231-4b99-b397-a40751a77283,fruit_battle,2021,12,2
BR,4,7875fae4-4c88-4a2c-9689-1f1b2ee26de2,fruit_battle,2021,12,2
BR,4,4dfff981-1a2d-4413-b79e-999ee149a2ea,fruit_battle,2021,12,2
BR,4,21ca06e6-c196-4e77-86ab-406fd5469300,fruit_battle,2021,12,2
US,29,d9823c09-027a-46a4-b237-7be2c8cb1c5d,fruit_battle,2021,12,2
US,29,ac3364d0-24c5-428a-be9f-4cd5bd41a603,fruit_battle,2021,12,2
US,29,e0e61c05-96c7-43c7-a4f8-2486858eb206,fruit_battle,2021,12,2
US,29,0a295e56-1ee8-4095-8a45-5c2cc324e20c,fruit_battle,2021,12,2
US,29,6ea26fbd-64c1-46a4-9303-c1d8a2697833,fruit_battle,2021,12,2
BR,4,f61f4dc9-56d8-4c17-83e7-3ae55ca63142,fruit_battle,2021,12,2
BR,4,7f19da34-e055-4fea-9369-7853327b503e,fruit_battle,2021,12,2
BR,4,0aaea5c4-3666-4f85-bae7-f2a5d72ae974,fruit_battle,2021,12,2
RU,23,c5c593ca-bba7-47fa-9856-d0cc619752c4,fruit_battle,2021,12,2
BR,4,f2329237-d03e-4476-883f-5f40aa9c89f1,fruit_battle,2021,12,2
US,29,7e70c5ad-c64c-4374-8514-ec8fd3b45459,fruit_battle,2021,12,2
GB,10,9392d9fc-cf26-4c79-a2ab-fa3b198a3d23,fruit_battle,2021,12,2
BR,4,8f41b97c-45e5-4bbb-a155-4cf947402476,fruit_battle,2021,12,2
BR,4,a15e5220-cb17-4c58-918e-58804507cdd2,fruit_battle,2021,12,2
BR,4,5929977c-db21-4fb9-a076-2e68ac5e08fd,fruit_battle,2021,12,2
BR,4,a7f7571c-446c-4945-bc12-73616950daa5,fruit_battle,2021,12,2
BR,4,d5728778-51a1-4036-bad7-2cb2c57bd744,fruit_battle,2021,12,2
BR,4,3bb89201-d2ef-40cf-be55-925e1c1369a3,fruit_battle,2021,12,2
US,29,e6b16239-bec1-49ae-a86b-b57af7c83879,fruit_battle,2021,12,2
BR,4,29d72275-c36a-4928-bccc-4822efc05109,fruit_battle,2021,12,2
US,29,87b74d9b-54b7-41a0-8e57-e40ff094e9da,fruit_battle,2021,12,2
DE,7,a1423cf2-a12d-40da-92e6-8d876b5dae0a,fruit_battle,2021,12,2
US,29,6986d522-cae6-49f8-9523-571b2bdf22b2,fruit_battle,2021,12,2
BR,4,d067de53-0042-43c2-a05c-972ac18ab1eb,fruit_battle,2021,12,2
BR,4,089f74f4-5218-4c6a-9558-78b0449dc875,fruit_battle,2021,12,2
US,29,54f2fc70-3bc1-4c0b-84be-c162ba23d7a6,fruit_battle,2021,12,2
BR,4,34002489-ad61-4891-95ad-b8efbd543bf2,fruit_battle,2021,12,2
BR,4,27d42131-a5c0-4469-9a0e-87e37e711f60,fruit_battle,2021,12,2
BR,4,1efe315b-7e47-42a8-83c7-dcc224046ab5,fruit_battle,2021,12,2
BR,4,866317c9-0400-40cd-b9c1-556e878da74a,fruit_battle,2021,12,2
BR,4,2dfc2d5b-d4c6-44e2-8f6e-0a84c44d513d,fruit_battle,2021,12,2
BR,4,24d5c47a-ae4f-4719-bb59-f0991a545075,fruit_battle,2021,12,2
US,29,f4a51975-bc11-4cca-9719-aee7fc22cf08,fruit_battle,2021,12,2
US,29,5ed73240-5e17-4a3b-90fe-0bc411d03b47,fruit_battle,2021,12,2
BR,4,de80472f-e660-406a-9995-bd6c66e40c5a,fruit_battle,2021,12,2
BR,4,5ffc09da-9327-48c5-a29a-8e9c65ce71f8,fruit_battle,2021,12,2
BR,4,f5e1ceb6-08e7-4254-ad6a-283d60fc997e,fruit_battle,2021,12,2
RU,23,7f8180c7-c989-4403-bbd2-1821f98e53d4,fruit_battle,2021,12,2
BR,4,d317b9a0-85a4-463b-abaf-232fc00a588b,fruit_battle,2021,12,2
BR,4,6222c15f-5ab2-4404-a979-d1139dc2056c,fruit_battle,2021,12,2
BR,4,34d72808-44fe-451d-be33-cf6690fc30da,fruit_battle,2021,12,2
RU,23,163ade7b-2eef-4755-a1e3-dd03df42b5c6,fruit_battle,2021,12,2
BR,4,d93eef5d-8779-4ae2-9b0f-3d731dc145f7,fruit_battle,2021,12,2
DE,7,4af08fbb-b8d9-4d78-a44f-ac0dd257c52c,fruit_battle,2021,12,2
RU,23,9ea8270f-9860-4198-8577-015a1fb64371,fruit_battle,2021,12,2
BR,4,2e86138e-46ed-4d41-8473-d02593a96a11,fruit_battle,2021,12,2
RU,23,92312754-ac23-40a8-987a-d6058cf3be76,fruit_battle,2021,12,2
BR,4,f6c4f183-b3e4-4126-91e2-b3c4d6116b59,fruit_battle,2021,12,2
RU,23,c7962e4d-45c4-4b45-8b08-1dc429d50aee,fruit_battle,2021,12,2
DE,7,fcc9984b-b492-4cad-8986-3321a30ef841,fruit_battle,2021,12,2
RU,23,152d9ef3-36c9-4e2c-8b18-1a34fefc334d,fruit_battle,2021,12,2
BR,4,c412f291-abf5-435c-84a7-9931d3f18122,fruit_battle,2021,12,2
FR,9,6a0e1572-b08f-46bd-87dc-7e98de2bebee,fruit_battle,2021,12,2
RU,23,ec80f269-ffab-46c7-9c6e-19b326fed20d,fruit_battle,2021,12,2
BR,4,188f58fa-5c63-4b4b-8b89-05fe234ffe78,fruit_battle,2021,12,2
RU,23,08c280da-19f0-4ea9-9a04-e53ac8a88567,fruit_battle,2021,12,2
RU,23,686b5bc5-5aab-406c-a7cc-b257eb33ae07,fruit_battle,2021,12,10
BR,4,d9c47406-8833-4b8b-a6ed-a692a27dcb0e,fruit_battle,2021,12,10
BR,4,fc09dcfa-b34d-42ab-b920-647d27bc023e,fruit_battle,2021,12,10
BR,4,defc6c74-a193-49ed-b247-54b097fa808f,fruit_battle,2021,12,10
BR,4,4c7218cd-6682-4494-9589-911515ce30e2,fruit_battle,2021,12,10
RU,23,bceac0db-b2d8-42fb-b5aa-861149ddd681,fruit_battle,2021,12,10
RU,23,1127ddda-d43b-48f4-9f93-50183c65110a,fruit_battle,2021,12,10
RU,23,8a4d9038-de73-4378-8d66-d8a6690fcdd9,fruit_battle,2021,12,10
RU,23,111ae732-2f78-4183-b6d9-ebb3ecacab56,fruit_battle,2021,12,10
US,29,ac8f16fe-e98e-414a-8488-b4ab28ce15b4,fruit_battle,2021,12,10
RU,23,d0f6ca61-a906-4bbd-a7c1-4483cb9825b9,fruit_battle,2021,12,10
GB,10,a116f752-795a-4762-bc1e-fadab882eb62,fruit_battle,2021,12,10
RU,23,98e0088d-31ad-48d6-9cd4-dbf53a3e83d7,fruit_battle,2021,12,10
FR,9,a9f54554-562f-4d0d-813d-af78f27521e2,fruit_battle,2021,12,10
RU,23,391d7ab1-0946-4520-897b-6e833ea23448,fruit_battle,2021,12,10
US,29,9ffdb534-4a4f-4eb5-8a64-2d0ce680b3b9,fruit_battle,2021,12,10
RU,23,a6594383-f4c1-4061-8333-7274e72fe8e4,fruit_battle,2021,12,10
RU,23,3eaa067e-944a-41ac-958d-e280df7f61fd,fruit_battle,2021,12,10
US,29,f4ef97fb-98d7-4268-a097-9c7778e2cb33,fruit_battle,2021,12,10
RU,23,92990a73-1b10-4d36-9c20-8c0a3367db8d,fruit_battle,2021,12,10
RU,23,31b1c440-feb8-4732-9b98-6f4d4cad84f9,fruit_battle,2021,12,10
RU,23,fc5e3e6e-1b7a-4a1b-85c5-b6187259ac70,fruit_battle,2021,12,10
RU,23,ba78be89-bcb7-40f3-90e8-a6455115c3d1,fruit_battle,2021,12,10
RU,23,7d157f97-a8cb-468c-8af4-15db48d9775b,fruit_battle,2021,12,10
DE,7,41f1e7c6-91e5-43e2-a96e-dfcbdf4cdfae,fruit_battle,2021,12,10
FR,9,cb317d4e-9a40-494d-b2e0-660b8b00f9ab,fruit_battle,2021,12,10
RU,23,7fa7530a-dff9-4085-8ed9-bd0ce6c1f7bd,fruit_battle,2021,12,10
US,29,075075f5-8a91-48b6-8a90-e4b29aa8a597,fruit_battle,2021,12,10
RU,23,bbf31f45-ee3c-4322-9ad8-79c973e7fb52,fruit_battle,2021,12,10
DE,7,665b900f-4a5c-4f72-a31d-237998760c4d,fruit_battle,2021,12,10
RU,23,e6231fe8-36d6-4a08-82ec-dffe64171274,fruit_battle,2021,12,10
RU,23,b65c1aba-c20e-4393-8315-2e1d07d6467d,fruit_battle,2021,12,10
RU,23,15721380-83ab-4375-9c5e-fb7450753036,fruit_battle,2021,12,10
FR,9,da3234d3-7320-4795-b25a-88606583c5ea,fruit_battle,2021,12,10
RU,23,1901cdd8-a193-461e-a49b-4729e572000c,fruit_battle,2021,12,10
DE,7,d27f0f2a-28b0-4d6a-9b50-4baa7934cd36,fruit_battle,2021,12,10
RU,23,d9fa7e33-cedd-43e9-a0fb-8a16bb168606,fruit_battle,2021,12,10
RU,23,e2c9d9df-0e17-413d-a151-50ebb04c39be,fruit_battle,2021,12,10
RU,23,d5b8e166-29ed-4526-8fe7-54722cc85512,fruit_battle,2021,12,10
BR,4,73141249-7df2-40c5-97a2-31c71384f2da,fruit_battle,2021,12,10
BR,4,3e896151-0c08-418c-ab08-67261ee44841,fruit_battle,2021,12,10
BR,4,016a7c48-4360-42d6-8589-86ecaa6277f2,fruit_battle,2021,12,10
BR,4,58ebb023-687d-4f2f-875f-e688247abef6,fruit_battle,2021,12,10
BR,4,6aa1532a-a102-4fae-8e0c-1bdd3e139324,fruit_battle,2021,12,10
RU,23,2f3c67bb-088a-44d5-806e-6d1a337bc819,fruit_battle,2021,12,10
BR,4,2cdab631-5522-492a-b9fb-d91a8674c8ff,fruit_battle,2021,12,10
US,29,25ad6ca6-6ea9-412b-80ed-bfb69be1a1f1,fruit_battle,2021,12,10
US,29,f22b36ac-cf7e-4774-8377-32118a248f72,fruit_battle,2021,12,10
US,29,1f344a02-228f-489c-b04e-2485f2ea2e3a,fruit_battle,2021,12,10
BR,4,4829cca9-a76f-4efd-aa7a-2bc9f9b2043a,fruit_battle,2021,12,10
BR,4,107e14ca-837c-44c5-adeb-e540ab257ea9,fruit_battle,2021,12,10
BR,4,3a82edeb-4000-4e09-a0a2-991b8023e786,fruit_battle,2021,12,10
US,29,fc486f8c-bc07-41e5-bb97-3aa0e346810c,fruit_battle,2021,12,10
US,29,f9bc0fe0-8acf-4a89-88ff-910a79bcad2a,fruit_battle,2021,12,10
US,29,3fdd71bf-2a4f-4215-9b3c-22656e08a539,fruit_battle,2021,12,10
US,29,aec6a248-384c-4eae-adc4-1634dea0d948,fruit_battle,2021,12,10
US,29,c18612f6-500d-492c-a8ab-ca4b5b4dc09a,fruit_battle,2021,12,10
BR,4,6b541414-c8c6-4f73-8277-b80354f5b66a,fruit_battle,2021,12,10
BR,4,07a21bf5-04e6-4121-83a3-0186f2e41d38,fruit_battle,2021,12,10
BR,4,5e2f30e4-15fc-4698-9edd-dd3e20d2b15a,fruit_battle,2021,12,10
US,29,1067095c-548c-4cae-9e77-ca12940b8554,fruit_battle,2021,12,10
BR,4,b10cbc4f-b391-48b1-8b36-a55b6ae9b066,fruit_battle,2021,12,10
US,29,fdbfd31b-23b1-4830-98e4-47b5b7eabb64,fruit_battle,2021,12,10
BR,4,39bf378c-0c2e-439e-a8e4-9b6a4be0209d,fruit_battle,2021,12,10
US,29,e6c2272b-4b31-4fd3-946e-58463e77805f,fruit_battle,2021,12,10
US,29,63174e3e-481b-4763-9c6c-57ed3409fb29,fruit_battle,2021,12,10
BR,4,64f5eef4-adf9-413c-9e19-ecd885928f98,fruit_battle,2021,12,10
BR,4,9e23c2c2-6a7c-462b-bf50-cfd4ba739934,fruit_battle,2021,12,10
US,29,34ebf592-c7bb-469d-b89d-832ee91f649a,fruit_battle,2021,12,10
US,29,5a7b9a2d-2506-42f3-a0c8-15a36776720e,fruit_battle,2021,12,10
US,29,1d9e3d5d-10ec-4a14-a7f8-befb40a6f60d,fruit_battle,2021,12,10
BR,4,0c9dede8-5af3-4787-8d53-cea9446300ad,fruit_battle,2021,12,10
US,29,700d39bd-c5c0-4028-a965-a8c5c911c2ae,fruit_battle,2021,12,10
US,29,bf0dccb3-8a55-4f70-91b9-06965f181be5,fruit_battle,2021,12,10
US,29,ce42bcfe-ee2b-4dcf-9d08-665613f1003d,fruit_battle,2021,12,10
US,29,2531a3e6-9ba7-4a2c-907b-e40836a805a3,fruit_battle,2021,12,10
BR,4,301fec3d-8219-446f-9e63-9a6f7335f28a,fruit_battle,2021,12,10
US,29,038d8bf7-b662-41d2-9435-69371d6cee1e,fruit_battle,2021,12,10
BR,4,e628e24f-0ec3-465e-9a6d-328911ba038d,fruit_battle,2021,12,10
BR,4,4b5d9492-4940-4240-b865-50080a8860ff,fruit_battle,2021,12,10
US,29,83c309fd-1be9-4bf0-acf4-08e45b657384,fruit_battle,2021,12,10
BR,4,bec53045-398a-4946-91a1-109c62c3f6d2,fruit_battle,2021,12,10
US,29,5659596a-83b9-46e2-a6b9-5937b69e673d,fruit_battle,2021,12,10
US,29,f5e26ef3-8ebb-432f-bf39-574a27ea01b3,fruit_battle,2021,12,10
BR,4,189670f5-255b-4b14-ac17-72ba40893ac9,fruit_battle,2021,12,10
RU,23,d2ce74c3-81f7-4990-a52d-31868222865a,fruit_battle,2021,12,10
RU,23,a6bc5fe2-6349-4322-9e27-68ff7f2c21fb,fruit_battle,2021,12,10
RU,23,667bfacf-85ac-4fa1-883d-3b6f8f1bcbb4,fruit_battle,2021,12,10
BR,4,61df692b-2a72-4839-a164-1acde64b6168,fruit_battle,2021,12,10
BR,4,32d30871-8fce-4363-a3bc-8244b8d14f06,fruit_battle,2021,12,10
RU,23,37c17af6-c4e2-42bf-a7a6-be281e1e4970,fruit_battle,2021,12,10
BR,4,6761fe09-71de-4234-8bc1-92ed53356112,fruit_battle,2021,12,10
RU,23,53051183-4338-4467-bc73-ecb2161aee65,fruit_battle,2021,12,10
DE,7,e90a7e8f-45c6-4433-9489-7db60e7f1a6a,fruit_battle,2021,12,10
FR,9,00fea076-58c5-4e8f-ad00-239c14e1c41b,fruit_battle,2021,12,10
RU,23,f46ae070-ab9c-4131-85a9-19681874bcf9,fruit_battle,2021,12,10
FR,9,6c0a03bd-d381-4f66-8a49-9d0e10e99e49,fruit_battle,2021,12,10
RU,23,89b49557-898d-4b50-96bc-34f0ae99655f,fruit_battle,2021,12,10
RU,23,16147d34-fe3a-487d-9acd-be50a914cfd4,fruit_battle,2021,12,10
RU,23,02d7731e-5875-4581-b9dd-b1741bf2fbb7,fruit_battle,2021,12,10
FR,9,2f20a242-0b81-498c-b124-4a4eb169a964,fruit_battle,2021,12,10
RU,23,a0c4a181-3818-463f-83e4-d70d098310f4,fruit_battle,2021,12,10
RU,23,f791170f-0abc-47e1-95eb-db1a4ec8a8d7,fruit_battle,2021,12,10
RU,23,3a53ac9a-e090-4628-b364-ac8ba4154b4f,fruit_battle,2021,12,10
RU,23,10a61a6d-f5ca-4c22-a81e-38d973c4065c,fruit_battle,2021,12,10
GB,10,71d14071-0bac-4bb8-a387-153368754b21,fruit_battle,2021,12,10
FR,9,154303bc-2576-4f30-84e4-1206e9d49083,fruit_battle,2021,12,10
US,29,64ec235e-cb8e-438f-b5af-c2b9dac4c554,fruit_battle,2021,12,10
BR,4,5e8eb25a-bf1e-4569-8d42-a80393c7384f,fruit_battle,2021,12,10
BR,4,a7e8ce59-d18e-4f8a-a31a-94c3d8396294,fruit_battle,2021,12,10
BR,4,ff65f5d8-dcf4-4a47-8efb-69f90bf234e6,fruit_battle,2021,12,10
BR,4,7c86a20e-f565-4cf5-a18a-aa2e1b412f3a,fruit_battle,2021,12,10
DE,7,b51f8971-e9bd-416e-8c9e-bdeab2d47ab3,fruit_battle,2021,12,10
BR,4,43ae650a-4d57-4a03-a53e-520087fedee9,fruit_battle,2021,12,10
US,29,5f905b12-c6ba-4e83-99c2-36313c49ab13,fruit_battle,2021,12,10
BR,4,3d8e2826-3e88-49db-b67b-ab2478283bd6,fruit_battle,2021,12,10
RU,23,667eded1-fe8b-434f-9c88-7d501fd2e4f1,fruit_battle,2021,12,10
BR,4,7eaab2d0-e1a3-4d41-9bf6-6edbf046533a,fruit_battle,2021,12,10
BR,4,6aea2bf1-8a03-427e-b280-2f21c2e30fa2,fruit_battle,2021,12,10
US,29,f1f762ad-614e-465f-a607-f342b1985ed1,fruit_battle,2021,12,10
BR,4,3efca4b7-4fb8-4818-b2ac-b93a2273a11e,fruit_battle,2021,12,10
BR,4,c26fbed6-662f-4e26-9348-3eb120df7671,fruit_battle,2021,12,10
BR,4,8af4a846-b18c-4987-a605-2d4019dbd2ac,fruit_battle,2021,12,10
BR,4,2b03a367-4774-4578-b9e3-495530a2b0ec,fruit_battle,2021,12,10
BR,4,1c4038a4-2461-4cf0-9840-f565c1599f2d,fruit_battle,2021,12,10
BR,4,63206fec-e040-4b2a-92f4-d0608933746d,fruit_battle,2021,12,10
US,29,34d8566a-b2d4-4636-8b9d-995c16216ca9,fruit_battle,2021,12,10
BR,4,21ea1bb1-586a-4529-acd4-dbe3663ae286,fruit_battle,2021,12,10
BR,4,21625946-e0da-4b9e-87fb-8f770ec198e6,fruit_battle,2021,12,10
US,29,b93b1cb7-e57d-4b77-b85f-8ace1b2ac152,fruit_battle,2021,12,10
RU,23,dc75abed-e831-4c5c-b6b3-cea319274dd9,fruit_battle,2021,12,10
RU,23,7920f92f-c866-4cbd-8761-f6d5c3d67c43,fruit_battle,2021,12,10
RU,23,be84a48c-8f12-4172-915f-69c0bbee32a0,fruit_battle,2021,12,10
US,29,3c1a3af4-f19f-465e-9956-5b8c33621934,fruit_battle,2021,12,10
RU,23,7811f9bd-386e-4914-9863-a96df119f8c0,fruit_battle,2021,12,10
BR,4,2b473249-52fe-43d3-b347-2df6ca798dbf,fruit_battle,2021,12,10
RU,23,1c82da48-a474-4089-86f0-8deb125a77f5,fruit_battle,2021,12,10
RU,23,0baaabc2-858e-4928-bd74-767f13410a41,fruit_battle,2021,12,10
RU,23,50dc5891-635c-4bf3-8ff4-2023b3c5ba41,fruit_battle,2021,12,10
RU,23,2e0a2456-5a47-440e-a162-daefb65535ad,fruit_battle,2021,12,10
RU,23,5c165681-97e3-4fa5-8d54-d589e709822b,fruit_battle,2021,12,10
RU,23,bdaf49f5-bdf8-4f75-a320-53bed3a35415,fruit_battle,2021,12,10
BR,4,91a18412-4595-49b7-b18a-1a5b792dca89,fruit_battle,2021,12,10
DE,7,bedab820-8a1b-417d-9866-0a99ae8089fd,fruit_battle,2021,12,10
RU,23,114d417e-179f-464c-94e0-969bb4233a82,fruit_battle,2021,12,10
FR,9,31f8a969-c3af-4806-8912-436d218eb7d6,fruit_battle,2021,12,10
BR,4,de1cbd5f-ab5e-4818-be3a-def9a74ef67b,fruit_battle,2021,12,10
DE,7,cd1c368c-1e78-4816-bb9c-a3e488ffb3d2,fruit_battle,2021,12,10
BR,4,9c37fbfa-c987-470d-9bb0-02795ea58acf,fruit_battle,2021,12,10
RU,23,0d222f40-fbe1-47f9-bf73-30d2799c2f0f,fruit_battle,2021,12,10
BR,4,3ee2688c-0ab7-4307-a0b3-98e1e33bdbee,fruit_battle,2021,12,10
DE,7,05baeb3a-e285-4ce1-8592-f40da612db0e,fruit_battle,2021,12,10
RU,23,07ffd27d-c19f-4bcd-adbc-f9671cbba536,fruit_battle,2021,12,10
FR,9,5574fcb7-3362-4791-831e-f6bfd6881c54,fruit_battle,2021,12,10
RU,23,bcdf9222-4625-4b9d-88f7-5dccbd671a2d,fruit_battle,2021,12,10
BR,4,0185e3ae-8b7e-4c09-af83-7d89eb97dbda,fruit_battle,2021,12,10
BR,4,ded07fad-6cd6-4d1d-94da-89b713be4a88,fruit_battle,2021,12,10
RU,23,6416a58c-49e1-4771-a511-34743ce8bce5,fruit_battle,2021,12,10
RU,23,6a475b98-6692-4898-8fb3-220ad90e7321,fruit_battle,2021,12,10
RU,23,7a62cbef-7beb-4740-9120-a8ec511283b1,fruit_battle,2021,12,10
RU,23,4773ba8e-6551-4f17-87ef-d1609684e661,fruit_battle,2021,12,10
BR,4,25c4a1ed-2007-42e6-80f2-52352ddd4029,fruit_battle,2021,12,10
RU,23,0bc352a1-072f-4083-9e48-736f57d6eb04,fruit_battle,2021,12,10
US,29,d9db84df-4e80-41f5-89e3-3cc415cf1cc0,fruit_battle,2021,12,10
US,29,3ed20373-034c-49c2-8641-e9f9e61abc8b,fruit_battle,2021,12,10
US,29,a1f42617-030f-4eac-9e06-cc71748c4d0b,fruit_battle,2021,12,10
RU,23,6b428322-014b-4a2a-905e-506b4bb8359c,fruit_battle,2021,12,10
BR,4,4a55a9d1-a5aa-4fef-a6fb-fa3baecef2aa,fruit_battle,2021,12,10
US,29,3648d016-1070-4fa2-9e61-d3fb30869944,fruit_battle,2021,12,10
RU,23,926d7bd9-8c98-41bc-8fa9-20ac8581cc3b,fruit_battle,2021,12,10
BR,4,1baeed00-2b78-4c7d-835b-6e2692ec4313,fruit_battle,2021,12,10
GB,10,5157215e-d64e-4d9b-b904-4e2028562faf,fruit_battle,2021,12,10
US,29,b94c741f-a522-48b0-8e22-5545c71bf148,fruit_battle,2021,12,10
BR,4,8f634620-a17d-4f27-9a90-14cfd4f5c7c8,fruit_battle,2021,12,10
DE,7,124d6822-df50-4dc5-aab4-587dce73f432,fruit_battle,2021,12,10
RU,23,e1d86394-4579-4715-9cb9-1c57c7e3fa00,fruit_battle,2021,12,10
BR,4,6b6b8733-93e0-4376-b4b2-3a54189153e4,fruit_battle,2021,12,10
BR,4,dcc8f2e3-0c18-4bea-89f9-e8e75f67c522,fruit_battle,2021,12,10
DE,7,b9b7e14c-d73c-4243-8b8c-ce8f45f641cd,fruit_battle,2021,12,10
RU,23,c155ea80-d4c5-4b20-92ed-d02e4f16407a,fruit_battle,2021,12,10
RU,23,eb8d5237-4340-4668-8d8e-6d89a283455d,fruit_battle,2021,12,10
RU,23,fba2ba94-551e-46b0-bc78-54baa651c348,fruit_battle,2021,12,10
RU,23,90277e3f-58be-4767-9159-a0ca870db3cd,fruit_battle,2021,12,10
RU,23,206489ee-eb6f-4c01-8f7e-e9ebc80e20d0,fruit_battle,2021,12,10
RU,23,63961831-39f8-4992-99bc-446666331c0d,fruit_battle,2021,12,10
RU,23,e40bcdb9-dc79-4613-b0de-888c6254ebfa,fruit_battle,2021,12,10
RU,23,3982b96d-471a-40aa-a4c0-2b5dff10c583,fruit_battle,2021,12,10
RU,23,bb50a354-4b24-46a9-b5f8-4c1c244436fc,fruit_battle,2021,12,10
RU,23,0735a9fd-23a4-49f6-91d2-b0f86696578b,fruit_battle,2021,12,10
DE,7,ad0fc9f1-8b00-4deb-930c-6da1e0ad6175,fruit_battle,2021,12,10
BR,4,e762143e-cf04-4d61-a6e4-03af7dd3572c,fruit_battle,2021,12,10
RU,23,58cda3ea-66e3-4ffa-9f21-d8a160f6a67e,fruit_battle,2021,12,10
RU,23,2b6b6bf2-cd3b-4072-b287-52f75190dd25,fruit_battle,2021,12,10
RU,23,808c62b8-dbdb-4d96-8404-b96d33db0c6b,fruit_battle,2021,12,10
RU,23,f4a7d9ec-0778-485c-b423-e0683db554ea,fruit_battle,2021,12,10
BR,4,5e535f64-9f8b-4f98-9bbc-40d31878d67f,fruit_battle,2021,12,10
BR,4,26dfb4cb-3a5c-4541-a1ff-751a7dcf3e9c,fruit_battle,2021,12,10
BR,4,4767e167-00cd-4461-b92f-7799376662a7,fruit_battle,2021,12,10
BR,4,058a7157-5289-45d2-989e-ae4b6582f221,fruit_battle,2021,12,10
BR,4,914df181-6bd5-4dde-9818-d8d4594d504f,fruit_battle,2021,12,10
BR,4,f5ed0ff9-d761-430d-ae58-75184b3b6e57,fruit_battle,2021,12,10
US,29,777b6dfc-cf35-4092-8540-e27db7fd9ba0,fruit_battle,2021,12,10
BR,4,d5f5ffd9-8e21-4ecf-adf1-14da0252e637,fruit_battle,2021,12,10
US,29,294b6b7a-963b-41a5-8444-64e3ef6ee0a6,fruit_battle,2021,12,10
RU,23,190399ef-6c0e-4a9f-9a14-156bc1c26336,fruit_battle,2021,12,10
BR,4,e1d366b5-174a-406e-9734-512b0d9840ba,fruit_battle,2021,12,10
BR,4,5ae352d9-47fb-430e-9cb6-bfb76fd2f94c,fruit_battle,2021,12,10
DE,7,7dbb315f-d07c-4c5b-ba52-67455dc9abb4,fruit_battle,2021,12,10
US,29,a8358683-4d0c-4af8-8740-2217bd32d144,fruit_battle,2021,12,10
US,29,e10630d8-d7e9-4f3a-8b91-2746a410c760,fruit_battle,2021,12,10
BR,4,9c00884f-4618-458f-b92b-da51bb31e50a,fruit_battle,2021,12,10
US,29,e610cde2-8ded-4d52-997b-92770aac7eb6,fruit_battle,2021,12,10
US,29,aadc7185-8ea7-438a-bf10-935cc813bb5a,fruit_battle,2021,12,10
BR,4,59c4e910-8c92-48ce-ab46-934bbecd06fd,fruit_battle,2021,12,10
BR,4,94f2613e-0bb5-4459-98d4-97c7a8afefd9,fruit_battle,2021,12,10
US,29,80d634ed-d53d-4519-9e69-74e20d114cd7,fruit_battle,2021,12,10
US,29,27c802b2-3527-4882-aec3-afb79efad5be,fruit_battle,2021,12,10
US,29,4d9adb48-f3dd-438b-a22e-6610e4f872ff,fruit_battle,2021,12,10
BR,4,8b29c72f-d09b-4fb3-a1ea-0708a1d9b25c,fruit_battle,2021,12,10
RU,23,c40fd0a5-4cc3-4968-af0f-8268eb47f2e6,fruit_battle,2021,12,10
US,29,3ca790ee-a39d-4e7d-83a8-ec327c39cfa0,fruit_battle,2021,12,10
BR,4,62b53389-2229-4bca-b400-b24a5e559adc,fruit_battle,2021,12,10
US,29,0283a3c3-416a-4e2a-8b66-b0c18c88f631,fruit_battle,2021,12,10
BR,4,860f7559-dd8d-4640-a0c0-d78fecabbd0f,fruit_battle,2021,12,10
US,29,cc4b2891-829d-466a-98e6-d408dc7d311b,fruit_battle,2021,12,10
BR,4,e14f9f7d-c899-4370-97a4-de7a3f55f7a8,fruit_battle,2021,12,10
BR,4,a3c2ff67-6c58-438a-8676-bb59e32b38d9,fruit_battle,2021,12,10
BR,4,c1a139e7-e608-4295-83f4-687db0c319e1,fruit_battle,2021,12,10
BR,4,1fdc2881-2900-40ec-b113-eb0751ac53c9,fruit_battle,2021,12,10
RU,23,fd92e091-c96f-48b7-abae-a86085d34a84,fruit_battle,2021,12,10
US,29,8191a376-48a6-4101-a75c-875ae33eb841,fruit_battle,2021,12,10
BR,4,00c58a40-3354-4ceb-8f64-b15b015cf6fe,fruit_battle,2021,12,10
BR,4,4284d01c-9d96-412f-8758-a80fb58eb0ba,fruit_battle,2021,12,10
BR,4,51d87a3c-1910-4628-a773-07691cd6f76e,fruit_battle,2021,12,10
BR,4,f83e51d2-5b0c-4991-a32b-79cd7de298aa,fruit_battle,2021,12,10
BR,4,b705a664-a9be-43cc-b000-8ad457706dfb,fruit_battle,2021,12,10
BR,4,7ed0dbd8-b706-4365-8343-9dda1ba5a550,fruit_battle,2021,12,10
BR,4,31ebe254-e74f-4473-a097-b3b6fcf55784,fruit_battle,2021,12,10
US,29,0dd7e5c7-9b4f-4948-9995-28b75fe945c5,fruit_battle,2021,12,10
BR,4,712ff97d-7b8c-4f14-9771-7702dfa5a466,fruit_battle,2021,12,10
US,29,765c05fb-29b5-44ca-89e3-549538c2095f,fruit_battle,2021,12,10
BR,4,680a4ea6-b0fc-49a8-b858-606546fa1dcd,fruit_battle,2021,12,10
US,29,2244c0eb-1af8-4c9a-a9e1-670c1ab74f08,fruit_battle,2021,12,10
US,29,07a92c3a-5d0d-4bde-bcbd-772928248255,fruit_battle,2021,12,10
US,29,0533bb08-5de0-4705-94b0-4810ba75b48f,fruit_battle,2021,12,10
BR,4,927cbd8f-132c-4a73-b9d7-faee6bb95826,fruit_battle,2021,12,10
BR,4,d4e29c87-2300-4b0c-b348-8b01851d5f0a,fruit_battle,2021,12,10
RU,23,dd96fdfe-8dcf-4fb8-9d1b-1185dacda1ce,fruit_battle,2021,12,10
US,29,610d1521-cd43-40b5-82ca-12e6d1687e3c,fruit_battle,2021,12,10
US,29,a420f645-944d-4f64-acd1-037ef2b4ebcb,fruit_battle,2021,12,10
BR,4,41d8151d-c0ab-4cef-b006-ad528536347d,fruit_battle,2021,12,10
BR,4,a1cb9195-9bef-4a32-8800-5f452a4a405b,fruit_battle,2021,12,10
BR,4,2840a681-bc9a-4d50-a7fb-380f059eb49d,fruit_battle,2021,12,10
US,29,8730a700-6c11-4810-addc-172f5391033f,fruit_battle,2021,12,10
US,29,52977ddd-ba36-4182-8d91-15fc0159e87d,fruit_battle,2021,12,10
BR,4,162740fc-feb6-42e5-8676-615f8e3d2346,fruit_battle,2021,12,10
US,29,8f9fa0c2-7044-4427-b0aa-86985cb30ee0,fruit_battle,2021,12,10
BR,4,f61771df-02fe-4c7b-9cde-8a99df130146,fruit_battle,2021,12,10
US,29,8164e8c8-1c49-40af-83ce-1f3ea86a3a31,fruit_battle,2021,12,10
BR,4,2edbfc65-e35d-4453-aaef-b745e46cec0e,fruit_battle,2021,12,10
BR,4,49e8298e-751d-487e-bba1-c10eb2ae948d,fruit_battle,2021,12,2
BR,4,0dfea2e6-b441-4d69-8db5-86ed4a190dee,fruit_battle,2021,12,2
RU,23,a2179b69-b0cf-49b2-815a-26c7e542cd81,fruit_battle,2021,12,2
BR,4,da4003f9-f83a-4cf6-9bfe-48b96e89207b,fruit_battle,2021,12,2
DE,7,6307ee0c-e0f1-4b95-846a-24c0b13ebb27,fruit_battle,2021,12,2
BR,4,bb96de23-d1f1-45f1-ba62-e9e63237edfc,fruit_battle,2021,12,2
BR,4,6df0d720-7712-465c-8a10-7d8a662339f3,fruit_battle,2021,12,2
RU,23,cbf579e8-f9a6-4e8a-bd6a-839ccf571854,fruit_battle,2021,12,2
RU,23,5612346b-6248-42e2-bd05-850ad622fdff,fruit_battle,2021,12,2
DE,7,6a5335e1-e62e-488b-bf9c-4dc16181cede,fruit_battle,2021,12,2
BR,4,f554d881-4446-4fae-bb36-98840885d86f,fruit_battle,2021,12,2
BR,4,10f4266a-fa96-4f90-91cf-79b3c246bc7a,fruit_battle,2021,12,2
BR,4,2ce7ceaf-05e6-471c-9954-3ba67cbbcd29,fruit_battle,2021,12,2
DE,7,7c1ddc6f-dbea-4d1d-8af0-4dd291561b9d,fruit_battle,2021,12,2
GB,10,f43f5d4f-9a91-4980-b953-3b906207956f,fruit_battle,2021,12,2
BR,4,cb194c2c-7237-4fbe-a8ff-6629bd457c4c,fruit_battle,2021,12,2
GB,10,753fca8d-4ed2-45b9-af04-71a95663bb1b,fruit_battle,2021,12,2
GB,10,aa887218-26e4-4716-ad1b-caec872890d9,fruit_battle,2021,12,2
BR,4,30dcad67-08a5-41ea-b484-f37956e211a6,fruit_battle,2021,12,2
RU,23,bd69f98c-c26b-4bf3-9596-350bc1c96c44,fruit_battle,2021,12,2
RU,23,4e605dd5-1716-4a90-a9fb-6311b1e87810,fruit_battle,2021,12,2
DE,7,7a7c302d-f93e-48ce-adbd-b822f167d007,fruit_battle,2021,12,2
BR,4,fbb8cb0f-2249-488c-b5dc-4ae54fc05057,fruit_battle,2021,12,2
RU,23,15e38376-3f61-461b-b952-e474d9374be8,fruit_battle,2021,12,2
BR,4,3f66b28b-ef54-4c91-9a08-e6c188f19f01,fruit_battle,2021,12,2
BR,4,24e22980-d5bd-4c70-a19a-b9955de2c688,fruit_battle,2021,12,2
BR,4,2a7ed2c3-c575-49d9-be0a-6f694293b702,fruit_battle,2021,12,2
DE,7,54f87053-3471-4bb7-ba1e-44ac67547ce0,fruit_battle,2021,12,2
BR,4,64822f25-66aa-4143-86fa-5b84a7808200,fruit_battle,2021,12,2
BR,4,e96dc48d-19b0-4dd0-be6f-e111a73f1a3b,fruit_battle,2021,12,2
BR,4,6ae8d089-7976-4b30-8129-f3f21f42c064,fruit_battle,2021,12,2
BR,4,71cbaf6e-1639-47af-8106-963d3307e124,fruit_battle,2021,12,2
RU,23,0b896fd2-d286-4f5e-9851-1d78e996d2ee,fruit_battle,2021,12,2
BR,4,6a3ce481-fa1b-4b66-9b2a-ea2d2da8c311,fruit_battle,2021,12,2
RU,23,b2c10e9b-5200-4162-bbc7-ce41af17a670,fruit_battle,2021,12,2
GB,10,fe4c751d-1d47-48fc-ab2e-9762d4337cad,fruit_battle,2021,12,2
FR,9,7aab3751-c905-43e1-b023-93e5b098f3be,fruit_battle,2021,12,2
GB,10,8fee46c3-31d4-4605-907a-43e4e6832ceb,fruit_battle,2021,12,2
US,29,de90d1b4-4f52-4258-be28-1f42fadf97d4,fruit_battle,2021,12,2
DE,7,44b29377-e9ba-4d88-87c2-a784d5fc77b4,fruit_battle,2021,12,2
RU,23,c86a787a-a3d7-48fc-b048-abde79c33fcf,fruit_battle,2021,12,2
FR,9,bd469cbf-1c7a-40ef-9213-e8ba01ea5a60,fruit_battle,2021,12,2
FR,9,34b46201-0575-4f66-8a2a-4a52f1c030d5,fruit_battle,2021,12,2
GB,10,25f4ddda-cfb6-448a-8d48-8dd5382edd06,fruit_battle,2021,12,2
DE,7,e40b90cc-cc4e-480d-9bce-6d761524a19c,fruit_battle,2021,12,2
RU,23,12f8b966-4821-4848-a190-dd81c9a6ca13,fruit_battle,2021,12,2
US,29,2472711d-370e-45ee-8303-8319f2a1a4eb,fruit_battle,2021,12,2
US,29,1c71c90b-82a2-46da-a0e0-5ac40d5fa969,fruit_battle,2021,12,2
US,29,cb528229-1343-426b-985a-eccaedca9092,fruit_battle,2021,12,2
GB,10,8619237a-5d98-42b1-b779-6b729304f795,fruit_battle,2021,12,2
US,29,056a2e0a-66d9-4ddb-b611-a00b16f36dfe,fruit_battle,2021,12,2
US,29,fab90bce-22bb-4f2c-8aab-49ab5662ceba,fruit_battle,2021,12,2
RU,23,ecc32519-7b08-451c-823b-23b0bc256698,fruit_battle,2021,12,2
RU,23,81a81621-723e-42cd-bdd7-3442817d745f,fruit_battle,2021,12,2
RU,23,30583d67-3095-435e-ba0d-3793ccc225e9,fruit_battle,2021,12,2
BR,4,1187d233-e837-4381-8e3a-7eeec3866c05,fruit_battle,2021,12,2
RU,23,b6c5117e-061f-495c-b78f-4974393cccb2,fruit_battle,2021,12,2
RU,23,37131263-7b92-45d6-8be3-c45e47250b23,fruit_battle,2021,12,2
RU,23,ddd1e704-9b5e-477e-9dc4-b39ad3e80a95,fruit_battle,2021,12,2
DE,7,72e3c277-5be7-4a84-bb7d-79fa04b03fab,fruit_battle,2021,12,2
BR,4,2065fdc2-e511-46ae-a982-1ab39f8a2e65,fruit_battle,2021,12,2
FR,9,1e331975-dbd4-47c2-a983-bb06b746ccc6,fruit_battle,2021,12,2
RU,23,434732df-9306-4c93-a9ca-c1b313c5ba4b,fruit_battle,2021,12,2
DE,7,821d9720-b13f-434f-9b6e-03847ad6cf07,fruit_battle,2021,12,2
BR,4,7a78697c-4c0f-43f2-8f26-1cf2bc0dbc73,fruit_battle,2021,12,2
DE,7,42fcde04-b6e6-4aca-8ef9-a39d76771030,fruit_battle,2021,12,2
US,29,4baf6039-acc4-4847-bbcf-2e690c7be26e,fruit_battle,2021,12,2
BR,4,4c342a80-85db-42d8-b8a0-52cd083ca049,fruit_battle,2021,12,2
US,29,7563675a-73f6-4169-b792-acdf9e739684,fruit_battle,2021,12,2
BR,4,7ab856d1-7451-40fb-a905-277b50ed41e5,fruit_battle,2021,12,2
GB,10,0e07e9b3-2b66-4aca-a876-68cb635a8c1f,fruit_battle,2021,12,2
US,29,2e94ae49-0126-4f4f-8795-f27c33c5ccfa,fruit_battle,2021,12,2
US,29,ab55e0d6-cb94-4420-ac4a-58c0442a6869,fruit_battle,2021,12,2
BR,4,db482fa3-5178-42ec-bb37-050d196c4627,fruit_battle,2021,12,2
BR,4,76e3075c-771f-4329-b448-7150f5d94d68,fruit_battle,2021,12,2
BR,4,32ee8015-0798-4cfc-86c0-eefb927efb22,fruit_battle,2021,12,2
BR,4,5ae71ac5-8242-4582-a0e5-b5ae60b47782,fruit_battle,2021,12,2
BR,4,8bc0fda4-8243-462e-8c25-a3e48a0688fc,fruit_battle,2021,12,2
RU,23,7498f0a8-fa95-4006-96a6-349c02a99f8c,fruit_battle,2021,12,2
BR,4,8d9b8331-221a-4963-9809-915be786460c,fruit_battle,2021,12,2
DE,7,b4e55e17-696c-463a-ad43-db4367f92313,fruit_battle,2021,12,2
US,29,17949cb6-3fbf-42d1-aff7-a0eb897e5005,fruit_battle,2021,12,2
DE,7,ac897111-e79e-4f9c-bfb7-4ef2a4aa2afd,fruit_battle,2021,12,2
BR,4,af8d83f8-4863-484e-b8bb-341b3ede7fe9,fruit_battle,2021,12,2
BR,4,162eefa9-5bbc-428d-8989-51c9bd067eca,fruit_battle,2021,12,2
BR,4,9be0ed4b-cb11-4f20-ba3c-77f1b48ad7db,fruit_battle,2021,12,2
BR,4,fcf9c4d8-90bb-468c-8158-73871e0eda5a,fruit_battle,2021,12,2
US,29,60d93f6c-942e-4563-8144-2023d140cef3,fruit_battle,2021,12,2
DE,7,9e34762c-0bfe-4d89-a053-e269332186e3,fruit_battle,2021,12,2
RU,23,e9ae7ab7-ba16-4e57-af35-afdbcb636e65,fruit_battle,2021,12,2
BR,4,6cd771bb-901b-419a-90bf-ba80d3800578,fruit_battle,2021,12,2
BR,4,f8866b3c-9ecf-44b5-b19b-5eded86c6873,fruit_battle,2021,12,2
US,29,86d4c435-6b21-4c31-932a-460ee49f66c4,fruit_battle,2021,12,2
US,29,640b0f9b-c4bd-4cb4-a27f-1e873009a7ab,fruit_battle,2021,12,2
FR,9,95c9d25e-b7ca-4616-a0b4-48418e51c439,fruit_battle,2021,12,2
BR,4,6a0e3d5e-c38e-4095-9121-984db0356780,fruit_battle,2021,12,2
RU,23,99270ffd-262c-457b-a51e-58d77bf797f6,fruit_battle,2021,12,2
BR,4,771b7a66-d9b3-4edd-b475-38ee47ea61f0,fruit_battle,2021,12,2
BR,4,dd0b7b2c-cda5-4388-a50b-0f4051805874,fruit_battle,2021,12,2
BR,4,e2315948-499b-491c-918f-c0a4f29d1abb,fruit_battle,2021,12,2
DE,7,9fff6a50-99ec-480a-bae6-3d9d9991b3ea,fruit_battle,2021,12,2
BR,4,0c8f7f5f-a301-4718-b862-a409d3e7eae0,fruit_battle,2021,12,2
BR,4,52f2b078-4c72-42a7-8f74-c19b8b32ca33,fruit_battle,2021,12,2
US,29,4e377599-19f9-464c-bac1-d2861dc0e029,fruit_battle,2021,12,2
BR,4,f8e26d90-5f52-4477-a3e1-fbf9eed56909,fruit_battle,2021,12,2
BR,4,7ab444c5-2121-4cb3-a68e-5b292c3ff9a5,fruit_battle,2021,12,2
BR,4,5c9d48e7-208b-4929-842e-424b634f3fe7,fruit_battle,2021,12,2
BR,4,cc4b051c-7978-4901-9459-0e9577171a42,fruit_battle,2021,12,2
BR,4,a19a26d7-b8a0-43bc-9f57-9d380e471066,fruit_battle,2021,12,2
US,29,fa723d91-a1e6-4151-913b-7957b3f8f161,fruit_battle,2021,12,2
BR,4,bbe78ebf-a338-42b4-8003-eeed3f132e37,fruit_battle,2021,12,2
BR,4,855eaa70-0bc3-4e8f-abc4-c07b283f3cfa,fruit_battle,2021,12,2
FR,9,2fe67bbf-5ed1-4bfe-881e-6fa223d885f5,fruit_battle,2021,12,2
RU,23,be736766-308c-40e4-bf16-01a2ae5ae2b2,fruit_battle,2021,12,2
GB,10,d648cde6-a7f9-4405-a62a-15462c0f8794,fruit_battle,2021,12,2
US,29,3856c1cb-3b3c-4c98-a089-dcc29b0dd387,fruit_battle,2021,12,2
US,29,e98e51b1-a536-4e75-90c4-13d67e3f0aac,fruit_battle,2021,12,2
BR,4,08ec2060-e414-41ed-add0-d09e7e6f2e8d,fruit_battle,2021,12,2
BR,4,ab3cbf55-3227-4fd5-abb3-30252ab5df51,fruit_battle,2021,12,2
BR,4,d314b31d-3d0e-4c26-9d72-7f6869dfe866,fruit_battle,2021,12,2
RU,23,03955a1f-fd4b-4ce7-99d6-3b38d3a0a3f4,fruit_battle,2021,12,2
BR,4,ae83ff4e-7c7f-4937-aa33-765ac7b3f72f,fruit_battle,2021,12,2
US,29,41180a2b-d0ba-4f68-ab41-8a5540ae7f3a,fruit_battle,2021,12,2
BR,4,813be28c-185f-461c-aa88-0afb42c6a21e,fruit_battle,2021,12,2
BR,4,66200f2c-7e8b-42d9-a078-b61325759f75,fruit_battle,2021,12,2
BR,4,e994274a-de0e-4960-8dc8-6f054c821331,fruit_battle,2021,12,2
RU,23,ac2ff304-fcf4-424a-bc1a-f016f03352eb,fruit_battle,2021,12,2
GB,10,36a07807-ee4a-4ced-9c67-57d7fd3a9d02,fruit_battle,2021,12,2
FR,9,72855994-8feb-4776-9c2f-b967529183a2,fruit_battle,2021,12,2
DE,7,59f6c906-ab6f-46f9-bcd8-13bdcef15635,fruit_battle,2021,12,2
US,29,a959ca18-65dd-4540-b498-c71b59d53df0,fruit_battle,2021,12,2
RU,23,a73de3c0-1e13-44fa-977a-ee04dbd49f6c,fruit_battle,2021,12,2
RU,23,446283e6-8298-49b3-81fa-a84d9d435962,fruit_battle,2021,12,2
GB,10,3649630a-e711-43dd-b071-25ce62ac17e2,fruit_battle,2021,12,2
GB,10,631c501c-b277-426e-981a-d1d94d1dba83,fruit_battle,2021,12,2
FR,9,ecdd96b7-d21b-406c-996d-63763d13c972,fruit_battle,2021,12,2
FR,9,8162c9c3-024a-4b28-8feb-f49ae4cccc9b,fruit_battle,2021,12,2
US,29,a7e8f971-cd12-4a4c-8427-bac583f639a3,fruit_battle,2021,12,2
RU,23,0f2ef0ad-cffc-4931-a094-3cf3e144074a,fruit_battle,2021,12,2
RU,23,fedca329-13ae-44d7-8fce-468ab8db5765,fruit_battle,2021,12,2
RU,23,e2ef878f-8ad2-41db-af19-bc7b7bed658f,fruit_battle,2021,12,2
US,29,f40b77d3-ca50-4e89-89cf-f1af3a1f91a9,fruit_battle,2021,12,2
FR,9,4bc6512e-de60-4e7a-897b-0cdd2587afcd,fruit_battle,2021,12,2
RU,23,2c7a3f3f-9f66-483c-928b-8d43054ee86d,fruit_battle,2021,12,2
RU,23,b2e9181f-a145-44bc-bfbf-d7f282bfc4bc,fruit_battle,2021,12,2
RU,23,31e0f8f2-711b-468f-b5fd-27a52c4dde36,fruit_battle,2021,12,2
RU,23,466021b0-7f4f-4c3d-9192-ad8559862b83,fruit_battle,2021,12,2
RU,23,ad1a3990-9990-484e-b61a-1f2ac684b232,fruit_battle,2021,12,2
RU,23,177ce35a-193a-46e1-87e9-927ff94958a7,fruit_battle,2021,12,2
DE,7,678df169-8bd1-4b72-9b3e-3c06d3622b92,fruit_battle,2021,12,2
FR,9,26ac93c0-43e8-41ab-a605-5c6ba7b4901d,fruit_battle,2021,12,2
US,29,b9f15194-6083-47a2-84ed-cf5f6e1a632f,fruit_battle,2021,12,2
RU,23,5b7b9490-8297-4729-9b02-8b0672977287,fruit_battle,2021,12,2
RU,23,5f7892b7-ad2a-4170-9a44-903c084c0729,fruit_battle,2021,12,2
DE,7,9705d3fe-ecf8-461c-8d35-61f140769aff,fruit_battle,2021,12,2
RU,23,25fa6fbc-69e7-4f71-ba9d-e38df0a5b14b,fruit_battle,2021,12,2
RU,23,a15dd169-7f38-4c5b-8543-00793774571c,fruit_battle,2021,12,2
FR,9,d5f20306-7fcb-4ca3-a2ec-3f34bce526e2,fruit_battle,2021,12,2
DE,7,cc1b2d31-6c12-49a3-859b-e9d04c911776,fruit_battle,2021,12,2
BR,4,e8a28fd6-1544-4e91-be49-20fd6179abd4,fruit_battle,2021,12,2
RU,23,7fc44d90-e4fa-48c6-ace2-e236fdd87a02,fruit_battle,2021,12,2
US,29,50247aea-97fa-4c3e-b7cd-9ae70d4645f7,fruit_battle,2021,12,2
RU,23,4994fa0b-73f5-413a-9a48-50a3d7740d10,fruit_battle,2021,12,2
BR,4,3d755f05-68a8-469e-9260-4d3eb6fd5895,fruit_battle,2021,12,2
US,29,0e6f2cfe-d80c-4623-97ce-85c46f17ce19,fruit_battle,2021,12,2
FR,9,459edf70-fddb-4f9a-9744-28a26f3fe797,fruit_battle,2021,12,2
BR,4,6a48e11c-b666-4461-961e-4b6e31da7f97,fruit_battle,2021,12,2
DE,7,210cd5af-fda4-436d-8bc1-596162f46a25,fruit_battle,2021,12,2
RU,23,5dbd5a89-7d01-459b-9e9d-589f99841864,fruit_battle,2021,12,2
DE,7,eec5e4ac-330e-4e22-b593-efce08599756,fruit_battle,2021,12,2
RU,23,c07aceec-bfd4-4c11-8cb5-c861910de55e,fruit_battle,2021,12,2
RU,23,08cdcfec-9fef-4270-be20-a23edaa26757,fruit_battle,2021,12,2
BR,4,99435ba2-4843-4556-8c55-0e5c84f54362,fruit_battle,2021,12,2
RU,23,61bad561-a354-4a46-bfc7-dc84b8a2dd6d,fruit_battle,2021,12,2
RU,23,718bfcdc-e16e-4ffe-b505-108b95b31239,fruit_battle,2021,12,2
RU,23,874c630b-3dd7-4153-9028-64fd7dbe27dc,fruit_battle,2021,12,2
RU,23,671086b8-37aa-433c-b359-28bc78307b3e,fruit_battle,2021,12,2
FR,9,7b10d90e-5eaa-4a4e-b5e4-55d1ed21ecd1,fruit_battle,2021,12,2
US,29,c5bb42a1-5330-4fad-98bc-c8e8a505d963,fruit_battle,2021,12,2
DE,7,04efcc65-0725-43db-9bef-e62fd71f8b9a,fruit_battle,2021,12,2
RU,23,8ba7249f-b891-4888-b592-0f14a3bcd135,fruit_battle,2021,12,2
FR,9,436402b6-2dab-4407-874c-0d99167146b9,fruit_battle,2021,12,2
RU,23,7cb8d34a-cd38-457b-b21f-e036912c3ebe,fruit_battle,2021,12,2
DE,7,df37222e-3a93-42bb-8a88-7c848c598f29,fruit_battle,2021,12,2
RU,23,888ad10a-8911-4601-8440-ac0867742786,fruit_battle,2021,12,2
RU,23,a9691a2d-0d8e-4cf5-803b-ddf876b394ba,fruit_battle,2021,12,2
RU,23,2e9a0f4e-cb13-4bff-a8b5-4a882d624219,fruit_battle,2021,12,2
RU,23,109f67d3-27dc-4c6d-8e2b-9df08c17c4ef,fruit_battle,2021,12,2
RU,23,7c0a0add-a097-4c7f-a310-445dfdc5b83e,fruit_battle,2021,12,2
US,29,d4db4482-852a-424c-986b-d57e94d0d3fc,fruit_battle,2021,12,2
US,29,d20287d2-6608-4972-9108-8d69d8fe0457,fruit_battle,2021,12,2
US,29,dfc4b0f7-c1a1-45cd-a053-fc06b4651999,fruit_battle,2021,12,2
DE,7,7f1a5f80-15c9-4582-a1fb-eddbfb8c0902,fruit_battle,2021,12,2
US,29,d539a070-8f9b-4dcf-b024-492434553a23,fruit_battle,2021,12,2
FR,9,f49aa27a-d745-4beb-a27e-d4e2956fd6af,fruit_battle,2021,12,2
BR,4,26e3f380-3d1f-4b0c-b35b-b023b6d4e74c,fruit_battle,2021,12,2
GB,10,645732f9-0a04-446a-bab7-30e86f8f78ac,fruit_battle,2021,12,2
US,29,046ed0c6-a06b-4904-862d-9304acc99fb7,fruit_battle,2021,12,2
US,29,4ede0555-7ff0-481e-b1a1-992984871733,fruit_battle,2021,12,2
US,29,4dbfc0d8-410d-4ec5-a6fc-25f02fda9c18,fruit_battle,2021,12,2
US,29,1f74f264-e822-41dc-8236-8308d81ba548,fruit_battle,2021,12,2
BR,4,bb140b3f-8479-45b0-a9be-987abf431da4,fruit_battle,2021,12,2
US,29,90c8a2fc-2885-4d1c-b516-28d880cffab8,fruit_battle,2021,12,2
RU,23,c329f43d-3889-4fd3-bdd6-3bd5785a4abf,fruit_battle,2021,12,2
US,29,e5def9df-07a2-4828-ae21-e55d2819e589,fruit_battle,2021,12,2
US,29,2b3d1790-e120-49fe-b771-9b2f28d90dfa,fruit_battle,2021,12,2
US,29,c47e0297-3599-4ec5-bf64-ef821a1311c0,fruit_battle,2021,12,2
US,29,5e344652-a2bb-4fed-9064-3da6b6fa8c91,fruit_battle,2021,12,2
US,29,d807751b-6ab3-46a6-bf2a-237a88d5b96e,fruit_battle,2021,12,2
RU,23,8992f2b0-751c-4997-834c-b619620f04cf,fruit_battle,2021,12,2
US,29,907aa0f2-61ba-4064-b702-5b4bae03f331,fruit_battle,2021,12,2
US,29,ffa72867-58b6-483f-979a-64a4064d60e4,fruit_battle,2021,12,2
BR,4,50a9b1c8-8d56-43f3-9362-a642bc69cf54,fruit_battle,2021,12,2
DE,7,019dbfdd-e78d-4d26-8ace-3530eca7baed,fruit_battle,2021,12,2
US,29,348232d5-38c8-438e-bafe-41c9cbb4afaa,fruit_battle,2021,12,2
US,29,9a4e7254-868f-4c8a-9992-4c1d1c17842b,fruit_battle,2021,12,2
US,29,3d658a34-5efb-4113-9df6-cd6d65513aba,fruit_battle,2021,12,2
